name,email address,pancard,Phone Number,IFSC Code,credit-card
Rohit Sharma,rohitsharma175@gmail.com,OIAMC9809S,7513243418,ICIC1726937,8378921600064427
Kavita Gupta,kavitagupta367@gmail.com,BFUII6093Q,7384856096,KOTAK2248297,1742526532762207
Arjun Sharma,arjunsharma836@gmail.com,UBRKL8223M,8369671930,AXIS2908945,9966237755287697
Rohit Singh,rohitsingh882@gmail.com,BXVRQ4909R,8817025659,KOTAK7334252,3868557380127372
Kavita Joshi,kavitajoshi495@gmail.com,WCEPT5165S,7053042014,KOTAK9992117,3951569412233601
Anita Iyer,anitaiyer962@gmail.com,WIMPA0075U,9204999376,PNB9567124,1161311683068360
Rahul Mehra,rahulmehra54@gmail.com,BQCFB3025W,8720424096,IDFC9355701,0665583778097819
Pooja Reddy,poojareddy649@gmail.com,OBYWM4053D,8795271477,HDFC6038200,9736989204754686
Rahul Gupta,rahulgupta392@gmail.com,GYKOB9368D,7349638232,YESB1682995,1546523121064827
Arjun Sharma,arjunsharma540@gmail.com,IYKBX2718Z,9935846825,SBIN8251211,0726618767036565
Rahul Singh,rahulsingh820@gmail.com,ZBVUQ2012O,9657885418,PNB9727412,8397589848809076
Arjun Sharma,arjunsharma885@gmail.com,BNPUD5632A,6652068822,YESB8484271,6836972237552460
Arjun Reddy,arjunreddy328@gmail.com,XEBBZ7156E,6638003589,YESB8145875,0284984725544094
Rahul Joshi,rahuljoshi834@gmail.com,HCFCC8004Z,7492966394,SBIN2029354,0355570491340677
Kavita Sharma,kavitasharma988@gmail.com,SQGCZ2147L,8496564864,AXIS0782338,1477031147527852
Neha Iyer,nehaiyer719@gmail.com,LRAEK0850F,7806723832,IDFC7395868,1208658497746675
Arjun Verma,arjunverma33@gmail.com,QQJXC3328X,7057992293,IDFC7100091,3835808125280530
Anita Kumar,anitakumar986@gmail.com,PIEVI3871K,9730125146,YESB2333146,8140762120443471
Suresh Verma,sureshverma350@gmail.com,WYJQD7944J,7067387775,SBIN3109880,6803595396013274
Rohit Verma,rohitverma209@gmail.com,DNFGF6167Y,8771462263,PNB1144844,8630488673418188
Arjun Singh,arjunsingh249@gmail.com,DYVXA2807L,8731713710,YESB5283603,3980429300919227
Kavita Joshi,kavitajoshi773@gmail.com,AAAQU0269Q,6038465579,KOTAK5120742,8211986025427969
Pooja Gupta,poojagupta103@gmail.com,FTRKN3052J,9536412818,AXIS0184169,6882981890167226
Sneha Joshi,snehajoshi159@gmail.com,WBKZE2796C,7719604492,IDFC2991827,4155836960245643
Rohit Gupta,rohitgupta616@gmail.com,ZUXYM4928W,9727759510,HDFC3293774,7851711449844629
Arjun Patel,arjunpatel223@gmail.com,DSRCF8963H,7754630293,KOTAK8186765,3944573457944146
Rohit Patel,rohitpatel761@gmail.com,LKKNO2872B,9051864266,ICIC1891964,1638548339909383
Pooja Gupta,poojagupta295@gmail.com,SIJHP4927C,6365684396,IDFC9411800,1676099148092287
Rohit Patel,rohitpatel358@gmail.com,YZYSU2983F,8121348407,IDFC3786684,7254282321700542
Neha Joshi,nehajoshi898@gmail.com,JZOER2480F,6395291893,AXIS4967978,3356068790458101
Neha Sharma,nehasharma636@gmail.com,FOZMZ3675M,9352084746,AXIS2262663,3302408259791491
Amit Gupta,amitgupta952@gmail.com,RCQEI2738V,8790472750,PNB2020377,0344395713661944
Rahul Joshi,rahuljoshi995@gmail.com,QEQRH0956E,8600401829,SBIN3538427,1337735236122409
Rohit Gupta,rohitgupta114@gmail.com,RLFQC2368H,8080002034,HDFC8357283,4248943160352610
Kavita Sharma,kavitasharma278@gmail.com,VRGGV1283Q,6601335304,IDFC4312400,1861996937842773
Kavita Verma,kavitaverma422@gmail.com,GIHFO7078K,9180810374,YESB3139340,9679445464066330
Amit Joshi,amitjoshi155@gmail.com,EDSJV7428V,8273217970,YESB0849192,1285688357031832
Suresh Patel,sureshpatel373@gmail.com,KUKOA3975V,8892632158,YESB4056968,9912205631530666
Rahul Gupta,rahulgupta869@gmail.com,LFXSB3731A,8023649501,SBIN5511045,5319707842487824
Neha Verma,nehaverma565@gmail.com,NZCVN0885N,8473262174,ICIC9930194,4613808656154134
Arjun Sharma,arjunsharma831@gmail.com,YQLKE4923T,6891005630,AXIS9535022,8494862488014971
Kavita Singh,kavitasingh799@gmail.com,ZLCDC7463F,8936201237,IDFC1748983,0125050162001435
Amit Joshi,amitjoshi236@gmail.com,HMQAJ6215S,9315087440,IDFC7830276,8243893440754910
Pooja Patel,poojapatel679@gmail.com,JOAVY7721T,7963466612,HDFC9389713,2394644308893522
Sneha Gupta,snehagupta724@gmail.com,MYJNJ3524P,7372673047,SBIN8894269,4650733812038612
Amit Mehra,amitmehra96@gmail.com,YEWUW7903Q,7705870578,KOTAK6984342,9512017617139837
Suresh Sharma,sureshsharma446@gmail.com,JCKQN5476D,6498020624,YESB9892573,2297929559329945
Suresh Singh,sureshsingh744@gmail.com,XBGXM3018C,7182428525,IDFC8739853,4763727494969689
Rohit Gupta,rohitgupta459@gmail.com,UYMCN3686U,8786232143,HDFC3061684,4734823468482742
Rahul Singh,rahulsingh389@gmail.com,EAZKC2445B,7429862614,HDFC4286420,2760366426894699
Rohit Patel,rohitpatel627@gmail.com,XWZEF0335V,8497470690,SBIN8194747,5413375746360420
Sneha Verma,snehaverma237@gmail.com,HHFVB1746F,8519595690,HDFC7982324,1280884884735373
Rahul Gupta,rahulgupta151@gmail.com,XJURQ2766X,8500672480,IDFC9671803,4351168006998781
Neha Sharma,nehasharma828@gmail.com,IFVAN3739Y,8174806314,KOTAK9858753,3859778930549220
Amit Verma,amitverma151@gmail.com,QBQLD7834U,6021800760,KOTAK9746241,5503099653477163
Kavita Singh,kavitasingh584@gmail.com,JRZNA2277L,8143522534,PNB2312503,3183400558202707
Suresh Gupta,sureshgupta302@gmail.com,XSXFV2095W,9212857229,PNB2965993,2541183458135707
Rahul Gupta,rahulgupta481@gmail.com,JIXPT7486J,6957058531,ICIC8527811,0933398648828236
Anita Patel,anitapatel371@gmail.com,BAVFV7109W,6999398148,AXIS4950062,3651348229963620
Kavita Joshi,kavitajoshi964@gmail.com,CDNAR8072B,8995119228,PNB9068581,4362481687076335
Rohit Iyer,rohitiyer21@gmail.com,HUOAI5675F,6327122505,AXIS0764622,1460149494712860
Rahul Singh,rahulsingh548@gmail.com,CQJHP0841D,7937607286,AXIS3149514,4769284864978736
Neha Mehra,nehamehra329@gmail.com,FMTFA6234X,9313122178,ICIC0689587,1250057158466109
Anita Kumar,anitakumar527@gmail.com,QGDGU1005P,7852637206,PNB2082564,9536998484992355
Anita Reddy,anitareddy929@gmail.com,UQRIN6365I,7938373329,KOTAK6137256,4556390234255189
Sneha Joshi,snehajoshi311@gmail.com,AIUHH2761D,7994649611,KOTAK7218009,0637915399933933
Arjun Gupta,arjungupta488@gmail.com,BAZZW0645U,7697495411,AXIS9328461,2007688533808853
Neha Verma,nehaverma189@gmail.com,DMUFI9730K,6216967207,ICIC9001166,0902477450027903
Suresh Singh,sureshsingh621@gmail.com,JAVVC8049M,6645448395,AXIS8616565,3568846979538502
Neha Singh,nehasingh275@gmail.com,CEJCD4229V,8095747760,AXIS7334633,6852488933652374
Sneha Joshi,snehajoshi653@gmail.com,RHZHX8615K,9299552636,PNB8446480,4200319851998902
Kavita Patel,kavitapatel992@gmail.com,MWVSJ1141H,9012406748,HDFC7420311,4649039660493890
Rahul Kumar,rahulkumar280@gmail.com,PVMGF1301O,6533658222,IDFC8897915,2579825555693981
Kavita Iyer,kavitaiyer42@gmail.com,POBST9954O,9564220481,SBIN7695916,6854158791190692
Neha Reddy,nehareddy306@gmail.com,UEBUY1693Z,6941554651,SBIN1503846,0801159062687260
Rohit Kumar,rohitkumar324@gmail.com,VANTI1114L,9927309726,AXIS8663799,0650599295444708
Arjun Iyer,arjuniyer509@gmail.com,CQZRS3701Z,7511827359,SBIN4315963,4399275048139024
Suresh Patel,sureshpatel923@gmail.com,XQBVT8863C,6992542436,ICIC2817554,5428279512958025
Rohit Joshi,rohitjoshi534@gmail.com,ENKVH4178T,9062735371,SBIN7257033,6781221023678634
Kavita Patel,kavitapatel858@gmail.com,GINPG5251M,9502049212,ICIC2162066,9033411063621485
Pooja Joshi,poojajoshi376@gmail.com,OGCYA1412W,8175832403,HDFC2786849,2748574639371537
Sneha Joshi,snehajoshi149@gmail.com,PBVZG5066O,9373877876,PNB8580029,0470315151406212
Sneha Kumar,snehakumar472@gmail.com,ESTNW4527D,7370691534,SBIN9664465,1153611103714238
Kavita Mehra,kavitamehra81@gmail.com,HMXSC6167F,8848108565,PNB2331910,2175396821196523
Arjun Iyer,arjuniyer698@gmail.com,IZTKX0384U,8936289609,SBIN9380387,4695042517699117
Suresh Kumar,sureshkumar663@gmail.com,OUQBJ4429J,7382677535,IDFC1280615,6796895127275064
Sneha Kumar,snehakumar735@gmail.com,YKGGI5471J,8898279065,HDFC6559358,8022778546315897
Sneha Verma,snehaverma468@gmail.com,DWLRT8325B,7981500790,AXIS5661568,4183014699315827
Rahul Mehra,rahulmehra268@gmail.com,TCCMN5333Z,6924513654,ICIC1688818,9211009090694443
Rohit Mehra,rohitmehra685@gmail.com,LKCHH1296W,8939732506,SBIN5568883,3581923280215769
Neha Patel,nehapatel762@gmail.com,SZFCY1586A,6004746636,AXIS7545224,6856711946805324
Rahul Verma,rahulverma670@gmail.com,HBAMF3025T,7876416827,AXIS2273856,2103233826423148
Neha Joshi,nehajoshi782@gmail.com,TWYMP6265G,8591884499,SBIN1636505,6639937220365237
Neha Gupta,nehagupta857@gmail.com,GDZMD8380Q,9944280320,SBIN5749050,3149836409426192
Rohit Iyer,rohitiyer591@gmail.com,BSYFX3036A,6194398691,IDFC1454458,7862766256677017
Anita Verma,anitaverma927@gmail.com,SKYJX9184K,9540240720,PNB5947166,2271989943479293
Arjun Reddy,arjunreddy819@gmail.com,PDTOP9514G,6558763721,SBIN0999185,4936701105574917
Sneha Reddy,snehareddy276@gmail.com,GFSPD3085S,9018186228,KOTAK8688080,0726214300300634
Neha Iyer,nehaiyer669@gmail.com,QCRXC6378T,9090563848,SBIN2513065,7541263707290375
Sneha Singh,snehasingh115@gmail.com,PUNZF4113B,7809101690,YESB7189139,6784328107468206
Rohit Joshi,rohitjoshi603@gmail.com,AALGQ9304V,9316020850,SBIN2287662,6713889101944252
Rohit Patel,rohitpatel54@gmail.com,QPGEV5578E,7828696422,HDFC0707572,4764429538853117
Rohit Sharma,rohitsharma137@gmail.com,MFTMQ6044D,8769250104,HDFC0954210,1345714771560258
Kavita Singh,kavitasingh434@gmail.com,FQGPI4342N,8776655129,YESB2454648,8657582482242059
Neha Reddy,nehareddy174@gmail.com,IFYUV2283F,9843323046,AXIS2262909,7899324633656787
Suresh Mehra,sureshmehra439@gmail.com,RNLCO6725E,9434858820,PNB0511285,6235196405084753
Arjun Singh,arjunsingh651@gmail.com,OOWSX0497X,8811878516,SBIN6895594,4332543424237620
Rahul Joshi,rahuljoshi552@gmail.com,VWMPP5274I,9715484573,SBIN3503345,8673350847608004
Rahul Iyer,rahuliyer290@gmail.com,IQNEB5233D,8626944954,HDFC9301620,3216699318291135
Rohit Mehra,rohitmehra704@gmail.com,EKWJN6259S,7634851224,PNB2559619,4842822915607188
Suresh Singh,sureshsingh82@gmail.com,LFISO4151N,8126529100,ICIC6692863,9889269508709160
Rahul Singh,rahulsingh665@gmail.com,DWPGX2957W,6715722849,SBIN9969291,1975165575397789
Rahul Gupta,rahulgupta610@gmail.com,AWTXE3115R,6373994821,PNB7647161,0465570964062506
Amit Joshi,amitjoshi938@gmail.com,QKOIM8318L,7104073124,PNB1568869,8114311793158200
Rohit Sharma,rohitsharma719@gmail.com,GYWJD3198F,9237542740,YESB4707410,4070104268787984
Neha Mehra,nehamehra538@gmail.com,NVHLC3417U,7211253217,AXIS9991883,1626690565488455
Anita Joshi,anitajoshi487@gmail.com,YOZRO8044T,8431004732,HDFC5395763,8772677892233326
Neha Mehra,nehamehra137@gmail.com,ZTGYS0805V,9470682413,IDFC3375054,2820232834163137
Rohit Iyer,rohitiyer671@gmail.com,QNGPJ5381H,6150143547,ICIC1046959,4498412484957563
Suresh Joshi,sureshjoshi614@gmail.com,VITRH6971P,6175461825,SBIN7973389,5480902232661637
Rahul Iyer,rahuliyer802@gmail.com,XONLA2834J,7185532840,SBIN6126725,3239300428482107
Amit Iyer,amitiyer274@gmail.com,YTKHG9543C,7379067919,AXIS9141955,3505885598288444
Kavita Iyer,kavitaiyer472@gmail.com,OJLPD4109Q,7443558937,KOTAK8178857,8067177491890999
Suresh Mehra,sureshmehra715@gmail.com,VBKEA0644Y,8159576241,YESB9661846,2595805946540974
Rahul Gupta,rahulgupta791@gmail.com,BRPVP6453V,7443161258,AXIS5973883,2368901180782209
Anita Singh,anitasingh50@gmail.com,SMYYU0496W,8869302857,IDFC2354156,9727210772849649
Rahul Joshi,rahuljoshi680@gmail.com,QGWST1313T,6760966046,AXIS3106400,5405050944214447
Sneha Gupta,snehagupta915@gmail.com,RBCEJ4376L,8464633695,YESB7111021,8330700215051461
Anita Gupta,anitagupta904@gmail.com,EYDMY2101S,8974919710,SBIN0080524,2277733643733980
Arjun Gupta,arjungupta164@gmail.com,MZNUX4631T,7665299678,YESB8850519,3672362593829765
Sneha Joshi,snehajoshi317@gmail.com,WGOAB6424N,9409263234,YESB1696578,2825190813182913
Kavita Kumar,kavitakumar504@gmail.com,OUBJV9707K,7835460308,YESB4222421,3828623631247215
Neha Verma,nehaverma64@gmail.com,KTCWJ8384E,9483038767,YESB7362773,8097247962419060
Pooja Gupta,poojagupta893@gmail.com,PMLYF3593Z,8383826103,YESB8119070,1834479009280383
Rahul Singh,rahulsingh423@gmail.com,JTJAN9285E,9433145029,ICIC9073593,2607366834863801
Pooja Kumar,poojakumar747@gmail.com,ETAIC5415G,7100176177,PNB6335555,1298941157413305
Sneha Reddy,snehareddy470@gmail.com,EKALO2305Q,6848549547,AXIS4780146,3565927799493423
Amit Mehra,amitmehra214@gmail.com,NNWWE9656Q,8940192457,PNB4573704,6854790216604175
Neha Joshi,nehajoshi823@gmail.com,IXXNX5205G,8868941048,HDFC6740077,2670825830806073
Pooja Verma,poojaverma906@gmail.com,AEMBJ1451Q,7535294151,AXIS0918303,4771862675272188
Pooja Gupta,poojagupta478@gmail.com,YZYJV5125I,6251548748,AXIS6303643,1448464889544618
Amit Sharma,amitsharma463@gmail.com,FSETQ5792L,7401928115,HDFC9934659,4451473404780732
Sneha Gupta,snehagupta156@gmail.com,FCVLL6601P,8785642419,AXIS4380006,8479260412793118
Suresh Gupta,sureshgupta602@gmail.com,RZOYF8385K,7019674728,ICIC0986672,6582494856554913
Rahul Singh,rahulsingh349@gmail.com,UNBNB2214W,6231240437,HDFC9206412,0726885206831180
Arjun Gupta,arjungupta411@gmail.com,ZXNAO0728B,6467351483,IDFC2185553,9476489341394276
Suresh Gupta,sureshgupta42@gmail.com,ZNXUX0666M,9851828846,HDFC7285136,8988703278700558
Kavita Sharma,kavitasharma995@gmail.com,NVAOI1575Q,6186177945,KOTAK4192081,4782447095816400
Pooja Reddy,poojareddy834@gmail.com,JBQHE7202Q,8208398291,HDFC6617645,3793810893236088
Pooja Mehra,poojamehra140@gmail.com,LWNSE8457Q,6370518254,KOTAK9359843,1081283863065897
Sneha Joshi,snehajoshi563@gmail.com,JUCXQ2276Z,9738152399,YESB7322773,0482377413604927
Anita Patel,anitapatel833@gmail.com,WQHBG6793V,9544421656,KOTAK4866211,3838705434845294
Kavita Joshi,kavitajoshi932@gmail.com,BTJXI1390Y,7361551475,SBIN4599128,0313963908977490
Suresh Mehra,sureshmehra224@gmail.com,HUKOL7704M,8381161474,ICIC8444053,1192955275437853
Arjun Mehra,arjunmehra452@gmail.com,HDPBX3414V,8216822811,IDFC5733620,1643553295789298
Kavita Reddy,kavitareddy832@gmail.com,LLFRV2661M,9452168905,PNB8449204,9791392762916917
Rahul Reddy,rahulreddy643@gmail.com,PCLOI9332E,8200692044,PNB5706854,7708292476888282
Rahul Patel,rahulpatel596@gmail.com,KOGDS8140D,7997949073,KOTAK0599206,7603016774448382
Sneha Reddy,snehareddy741@gmail.com,NDVBX3828H,6164203903,KOTAK3859439,7432659842522817
Rahul Joshi,rahuljoshi837@gmail.com,KEKKY3398W,8367686077,YESB9303208,5475355873376528
Rahul Kumar,rahulkumar494@gmail.com,VTLIH2019K,6741536743,KOTAK4345249,6965395991761915
Anita Verma,anitaverma269@gmail.com,OHPDK3632B,6817460415,ICIC4451918,0615477259252713
Arjun Singh,arjunsingh575@gmail.com,RAUVC6267M,6031088496,YESB4509469,9192126152063662
Kavita Sharma,kavitasharma958@gmail.com,OPEQA2645S,6968280293,IDFC0653133,6979972919993790
Rohit Verma,rohitverma801@gmail.com,ERRAA1453J,7966775447,IDFC7297123,9056471068819834
Anita Sharma,anitasharma54@gmail.com,HSEVD2100U,9949518695,HDFC2778351,8438267795810552
Arjun Kumar,arjunkumar686@gmail.com,TWZIC7256Z,7551632358,PNB3638089,8333893085390087
Amit Reddy,amitreddy339@gmail.com,FQCIB1680V,6884338307,ICIC6120345,6350393271922020
Pooja Kumar,poojakumar395@gmail.com,ATBHC8378T,6970782943,KOTAK9872824,5455559629686662
Anita Kumar,anitakumar438@gmail.com,KDULG9113W,6661910695,YESB3569265,7245082569450300
Pooja Patel,poojapatel896@gmail.com,GKHXW4554C,7593462072,KOTAK3813384,0662940361236202
Amit Kumar,amitkumar779@gmail.com,ZMVNM1154H,8817448413,IDFC3224831,6412814966466099
Arjun Iyer,arjuniyer793@gmail.com,EKFHC1097E,9997649323,SBIN8065762,5902219365766456
Rohit Sharma,rohitsharma883@gmail.com,TCCFM9134T,8310454359,HDFC6107065,7303020135351190
Arjun Iyer,arjuniyer95@gmail.com,OSOND9960E,6742822970,YESB3158365,0141993538128683
Sneha Kumar,snehakumar150@gmail.com,LMLZM3284O,7510308161,IDFC4525059,9191447015705417
Rohit Verma,rohitverma116@gmail.com,IYSKN4084G,9645520154,PNB3284013,9682441144855128
Rohit Iyer,rohitiyer260@gmail.com,LDTHT2921J,6988932190,SBIN2334625,0902375992379935
Suresh Kumar,sureshkumar105@gmail.com,VWWGA2874X,8900999484,SBIN4305524,4212276822616393
Amit Joshi,amitjoshi126@gmail.com,JWQHY6415N,8642641624,KOTAK9734700,2099584749319837
Kavita Reddy,kavitareddy118@gmail.com,DTZWF3075C,6983625123,AXIS5921867,2190184644604597
Neha Singh,nehasingh439@gmail.com,ASKFZ1827A,6947383441,KOTAK8111137,6740768241788799
Anita Patel,anitapatel219@gmail.com,AUBCC4363A,6081300615,PNB6205272,3531560211861617
Rohit Kumar,rohitkumar691@gmail.com,XKKPY5658C,7380007389,IDFC3558683,2014706723194988
Anita Reddy,anitareddy230@gmail.com,YPCLQ3651S,7772718407,SBIN7760858,0930387222701228
Sneha Patel,snehapatel856@gmail.com,LBCYR4196D,9043063441,YESB4780610,3645752574210476
Sneha Mehra,snehamehra827@gmail.com,ZREYP4749H,9753104607,SBIN6026419,2903478190273304
Sneha Mehra,snehamehra144@gmail.com,MYQEH7763H,6926016165,SBIN8949305,0234462519906293
Arjun Reddy,arjunreddy946@gmail.com,JLNYK5213U,6843396690,IDFC2188631,1917970272918041
Neha Sharma,nehasharma188@gmail.com,CQTFB3106Z,6641146861,IDFC4209561,9630427804980337
Neha Mehra,nehamehra181@gmail.com,RMXOX5173U,7380002007,YESB8438015,9805013321662600
Kavita Patel,kavitapatel517@gmail.com,NZZZT0619B,9019946780,SBIN4399604,4261763215399724
Rohit Gupta,rohitgupta954@gmail.com,KLLYB3347H,8940939226,PNB6229514,1440984701002586
Anita Reddy,anitareddy234@gmail.com,CAEWL9395E,6155796422,PNB3174105,5892909324628607
Suresh Singh,sureshsingh932@gmail.com,WMUBT9946F,6360137458,KOTAK0496763,0650268153795778
Anita Reddy,anitareddy300@gmail.com,XQZJU3417E,9139513274,PNB5377071,8089830143337642
Pooja Joshi,poojajoshi622@gmail.com,ACIOX2293W,7620545369,ICIC9327880,5920740724812824
Neha Sharma,nehasharma642@gmail.com,IVQNL3638U,6116732904,HDFC3573836,4529347484936724
Amit Reddy,amitreddy47@gmail.com,HASWG2030Y,6132432290,HDFC0835826,0245889080748746
Arjun Mehra,arjunmehra182@gmail.com,RAEXT2225A,8200370782,AXIS5837624,9914286184851468
Arjun Iyer,arjuniyer544@gmail.com,NOWSV3150M,6666618990,YESB3542380,6345311324989731
Amit Iyer,amitiyer894@gmail.com,ZRZQU2449K,9412144254,YESB1769901,8096642467734303
Kavita Kumar,kavitakumar116@gmail.com,OLEVD9869E,7017047128,IDFC2619024,6960267946876677
Sneha Gupta,snehagupta853@gmail.com,BEIGE9263Z,9730431802,IDFC9724264,3188343775636017
Kavita Sharma,kavitasharma667@gmail.com,ZBLDC6161K,6157648471,AXIS9200904,7589133745601959
Rohit Kumar,rohitkumar310@gmail.com,HRMRA4597E,9149571831,PNB7652790,0300897652111438
Anita Mehra,anitamehra136@gmail.com,HXNED4866S,9991338107,IDFC3947107,6903638519150565
Rohit Singh,rohitsingh25@gmail.com,TGZXE3357K,9370237372,PNB4650350,0437027977784937
Arjun Reddy,arjunreddy436@gmail.com,KKEAM2307O,8347397385,SBIN0788346,3976989767354771
Anita Patel,anitapatel68@gmail.com,FVSCS3501E,8051576639,HDFC5258540,8046862983628368
Kavita Patel,kavitapatel741@gmail.com,WUIDI1350I,9720022578,PNB3687158,1656569995831136
Arjun Singh,arjunsingh92@gmail.com,PGRLZ9388Q,9824201747,AXIS4600519,6154768338248342
Anita Mehra,anitamehra381@gmail.com,ABEFH6631C,9089350381,IDFC8926982,1319455138286908
Sneha Kumar,snehakumar889@gmail.com,BFWJI7606I,7286289479,HDFC7573400,0184354146854658
Amit Verma,amitverma897@gmail.com,IQNSF0561R,6373201561,PNB5279943,3273273022659465
Anita Patel,anitapatel250@gmail.com,FKBPB1190S,9161767494,IDFC2464531,8147520827537324
Anita Verma,anitaverma688@gmail.com,ZQPKG2342C,9797763157,IDFC3590275,3955619185033591
Arjun Verma,arjunverma724@gmail.com,TSPWC7858C,7117949559,PNB9950189,4020425712307474
Sneha Mehra,snehamehra384@gmail.com,ZZXZR6712M,8344368691,HDFC5892463,1403627980217733
Sneha Mehra,snehamehra461@gmail.com,EHMPU0020B,6612996910,SBIN2367541,0266961184645743
Amit Gupta,amitgupta447@gmail.com,WDSNC8282E,6402548427,YESB8386781,2084662048952995
Suresh Reddy,sureshreddy689@gmail.com,DASYY2384I,6660312821,ICIC7768972,5032399531681143
Suresh Singh,sureshsingh529@gmail.com,JWDIU7503Z,7938757175,ICIC6302212,8913734496126763
Kavita Iyer,kavitaiyer623@gmail.com,MSWXE4734E,7817638411,IDFC9715974,5645958992334758
Suresh Singh,sureshsingh700@gmail.com,KHJEW0960R,7425165063,PNB0061359,9034015259043165
Suresh Mehra,sureshmehra297@gmail.com,WMSZV6284N,7627129043,ICIC9631355,8249715226274935
Rohit Patel,rohitpatel149@gmail.com,VHXRI0481E,9892020019,ICIC8694469,7618745557067214
Amit Verma,amitverma644@gmail.com,TFKCD7862C,8158713598,AXIS5810547,7175953648063465
Rohit Iyer,rohitiyer961@gmail.com,XJISM0957J,7856140687,PNB1120318,2360858807318691
Rohit Joshi,rohitjoshi403@gmail.com,DVIBN6975B,6770958975,PNB3990779,1559236659372064
Amit Reddy,amitreddy875@gmail.com,HPORI8851R,9021724515,ICIC6132237,0747301548034371
Rahul Reddy,rahulreddy367@gmail.com,VHCCP3961S,6620169404,KOTAK5090306,9197879266823418
Neha Singh,nehasingh656@gmail.com,ANDSO3189Q,9276585602,PNB3962393,8800448413517724
Rahul Sharma,rahulsharma332@gmail.com,SWNWX5562J,8465605371,YESB1424772,1359211592936411
Rahul Verma,rahulverma737@gmail.com,APOWK9886P,7745933538,ICIC2174103,4219650653421309
Kavita Mehra,kavitamehra192@gmail.com,NHFBK0453X,7961344605,YESB1566378,3493379491050467
Anita Gupta,anitagupta328@gmail.com,ORSTO5688B,6084025333,PNB6244436,4983151300139452
Arjun Sharma,arjunsharma174@gmail.com,IRUYZ1807F,8182179797,AXIS9010807,3630137089800077
Rahul Patel,rahulpatel304@gmail.com,UWKBD6865U,6805928932,PNB7745688,7947120718816815
Rohit Iyer,rohitiyer918@gmail.com,UAULA3853V,6612287627,SBIN0911365,1035813570037484
Arjun Kumar,arjunkumar381@gmail.com,DQUUI7203W,7218104888,YESB4529482,3628968783408931
Rahul Mehra,rahulmehra249@gmail.com,LDHFD5050W,7664421922,SBIN7237413,9110699518146494
Rahul Iyer,rahuliyer851@gmail.com,ATKOT8621V,6621633891,SBIN6290497,8457095937337171
Neha Patel,nehapatel937@gmail.com,QDPUM9258L,7543697951,HDFC0103065,2816748542239430
Suresh Reddy,sureshreddy973@gmail.com,HTQYX9879P,6653221176,YESB8850858,7836861380912717
Rahul Mehra,rahulmehra616@gmail.com,KIPNU8455S,7672222437,AXIS7956637,1374577672869855
Sneha Mehra,snehamehra333@gmail.com,QVNNI5694F,6124315013,HDFC1786554,5240987700611906
Rohit Verma,rohitverma741@gmail.com,EUZIP5032A,9361896057,PNB6230649,0011893902457530
Arjun Gupta,arjungupta184@gmail.com,MKYIG1435D,6765028883,AXIS7547317,2477603908927298
Kavita Mehra,kavitamehra161@gmail.com,IWRBV8081M,6399552472,ICIC9980557,7128832877017104
Sneha Reddy,snehareddy899@gmail.com,GHLXB0565J,9622172546,IDFC9305619,8662180721498085
Rohit Verma,rohitverma161@gmail.com,RKZUH1233O,6570674929,ICIC9877121,1533161604720388
Anita Gupta,anitagupta406@gmail.com,ZQDDC5119Z,8625244655,AXIS0976457,8978282290887707
Neha Patel,nehapatel459@gmail.com,TROMV2895F,6653483833,KOTAK8545787,5181806609992034
Suresh Mehra,sureshmehra437@gmail.com,ZFZVS5432V,9998154384,KOTAK3437533,9570742797103940
Rohit Mehra,rohitmehra555@gmail.com,GMIKZ6048G,7081433762,KOTAK4359735,7730259483837428
Pooja Kumar,poojakumar140@gmail.com,YFOEZ1902A,6129812324,YESB5701301,3679181387032515
Pooja Joshi,poojajoshi634@gmail.com,MJJOD3223K,7568785358,PNB6094374,3714142762420021
Arjun Reddy,arjunreddy372@gmail.com,ZFRVQ4526P,6847387391,YESB2665296,9738047687233654
Suresh Sharma,sureshsharma935@gmail.com,OTMKN4869P,7259814377,YESB6393731,4209716587651162
Rahul Gupta,rahulgupta890@gmail.com,ZVBZI0784V,6598845054,YESB2019782,7583923323470141
Rohit Kumar,rohitkumar736@gmail.com,OKIKW3686T,6554923817,PNB3236114,4862931835132716
Sneha Singh,snehasingh490@gmail.com,UMXJI3164M,7680307886,IDFC7496980,4855662656143053
Sneha Iyer,snehaiyer360@gmail.com,KPYFJ0295U,6306852395,KOTAK1355008,9805671328660189
Suresh Iyer,sureshiyer992@gmail.com,BLCHC9476P,7146866703,SBIN0999488,3831286807849488
Anita Kumar,anitakumar144@gmail.com,VVACY0682M,9840820145,HDFC8394428,1975499261126544
Sneha Iyer,snehaiyer115@gmail.com,GBYRM7151F,9012905912,SBIN4132023,5196479295657007
Anita Sharma,anitasharma978@gmail.com,UNFGO2416V,6455070118,ICIC7555077,3329694615283212
Anita Reddy,anitareddy151@gmail.com,SCGTA6916E,8044054290,YESB6908524,4415789326350709
Neha Joshi,nehajoshi136@gmail.com,AUSPV8790Q,9612708271,KOTAK3434243,5541348870712378
Kavita Kumar,kavitakumar626@gmail.com,WTRLY6530I,7827639228,AXIS4693733,9280637149741362
Rahul Mehra,rahulmehra73@gmail.com,DSTVI4686G,8451073155,AXIS7591515,1698807338668546
Rohit Joshi,rohitjoshi723@gmail.com,WUHNI3897A,6201804897,ICIC0696914,7242010519570287
Pooja Verma,poojaverma237@gmail.com,DGIAY1131P,8227263977,PNB5271553,7502753627746255
Arjun Verma,arjunverma592@gmail.com,FOOWM3387N,9503355114,YESB5466139,4077132659528161
Neha Iyer,nehaiyer490@gmail.com,FFUKX9454J,6976252374,ICIC4079243,3931747342587214
Neha Iyer,nehaiyer153@gmail.com,NZYUZ5241E,8534875777,AXIS0326500,3582596885426882
Neha Kumar,nehakumar600@gmail.com,BAKTG0605E,6018203452,KOTAK1760636,7020615965143342
Suresh Joshi,sureshjoshi776@gmail.com,IKDRF6227W,7544921757,IDFC0245301,3135197331059438
Rahul Kumar,rahulkumar340@gmail.com,XPKHY3667X,7507151659,AXIS5679619,9496440740554823
Neha Kumar,nehakumar225@gmail.com,MEALW8005G,7927985798,IDFC0474795,2818230919422202
Arjun Sharma,arjunsharma226@gmail.com,WIOVW2802H,8821390756,HDFC2166812,0260892194172535
Arjun Iyer,arjuniyer431@gmail.com,DYFTW9274B,9743253981,YESB2820600,2602277941726424
Anita Sharma,anitasharma782@gmail.com,SGEWC3064X,7584134198,PNB7440704,4749213027913076
Rahul Verma,rahulverma154@gmail.com,PNRIT0722R,9373240359,IDFC3053669,5620234195928766
Amit Patel,amitpatel953@gmail.com,HDFXM3153E,8361369017,PNB1858466,9599252888457065
Kavita Kumar,kavitakumar138@gmail.com,RFNKM8437Y,7305505419,YESB9864746,0720422357864243
Pooja Iyer,poojaiyer261@gmail.com,NMYNQ4218T,8458118278,SBIN4279202,1166863511410893
Neha Joshi,nehajoshi198@gmail.com,HJJWP0687J,6062366216,SBIN2921215,1982398844294674
Kavita Mehra,kavitamehra517@gmail.com,QUJJQ7453C,8508162903,AXIS2734152,2719390962082601
Pooja Gupta,poojagupta995@gmail.com,CHFIY5499O,8980741380,HDFC4181750,7829299597036057
Sneha Joshi,snehajoshi343@gmail.com,SJHMB0494E,7292806267,SBIN3682127,3842612727543204
Rohit Patel,rohitpatel663@gmail.com,VXWED8825I,8278191417,SBIN1571282,4852454587852295
Rohit Patel,rohitpatel565@gmail.com,WFLNT0065V,7448302314,YESB4185843,9851641572090902
Kavita Kumar,kavitakumar303@gmail.com,MWAAI8863A,7409573721,HDFC7338132,1110905032896100
Sneha Patel,snehapatel693@gmail.com,ICQFZ5971O,7761714724,ICIC8763705,1039875210077640
Rohit Joshi,rohitjoshi717@gmail.com,DADYC7972F,8030201978,AXIS5848631,1320459630951290
Kavita Kumar,kavitakumar678@gmail.com,CVFSQ7520A,7079126444,PNB3672478,5180163165400645
Rahul Gupta,rahulgupta966@gmail.com,JWZZJ1551L,6502212106,AXIS0516274,1594614725864055
Amit Singh,amitsingh585@gmail.com,LVXEO9834L,6615030835,ICIC2810899,5513279981365281
Rahul Gupta,rahulgupta278@gmail.com,UCHXT4809J,6200133189,IDFC3335403,9843430281034031
Pooja Singh,poojasingh964@gmail.com,DRRWU4265C,7687974418,PNB9957278,1888517129861186
Rohit Patel,rohitpatel517@gmail.com,TLSXJ7343F,9243010995,KOTAK7318877,3825296520091500
Kavita Sharma,kavitasharma489@gmail.com,YLRXJ3969I,8826437057,YESB3260528,9496835783403096
Rohit Reddy,rohitreddy780@gmail.com,LGWQM3607E,7786057397,YESB2377832,2748803784921076
Anita Kumar,anitakumar941@gmail.com,GPWHM0854E,6556487084,ICIC1411368,2858928435450717
Arjun Patel,arjunpatel833@gmail.com,LHPPS3166C,7392149301,SBIN2671905,2248129560672364
Rohit Iyer,rohitiyer439@gmail.com,CPPJH3383Z,7657640340,HDFC5182721,2969368414417025
Pooja Singh,poojasingh810@gmail.com,NIPJL2886E,9284033635,SBIN4291388,7491746905999342
Arjun Patel,arjunpatel913@gmail.com,XGEOF6921P,9485117567,HDFC1850529,6929848100355800
Rohit Gupta,rohitgupta740@gmail.com,XYRZZ9883K,9493729947,KOTAK1621724,2533494525801526
Pooja Verma,poojaverma721@gmail.com,ZOTNU1985H,9243866607,KOTAK2004471,0784584514616151
Arjun Iyer,arjuniyer251@gmail.com,UQILD7754X,9709968258,AXIS9804625,8677711637966415
Rohit Singh,rohitsingh880@gmail.com,FOVLA8453D,9031657593,ICIC0719826,7154043463104871
Kavita Singh,kavitasingh106@gmail.com,BITJK2887O,8254651315,AXIS8939968,1876135383369755
Rahul Sharma,rahulsharma209@gmail.com,TPUDO1133G,9670566366,IDFC5899783,0428688328361469
Rohit Gupta,rohitgupta592@gmail.com,NJBYE0877X,8115362013,SBIN4646196,1200275531819551
Kavita Singh,kavitasingh488@gmail.com,DZWEM0021L,6491165531,ICIC4642382,6407574138275972
Rohit Joshi,rohitjoshi826@gmail.com,TYMYW4382K,7950705277,AXIS7734532,3966326317008493
Amit Verma,amitverma533@gmail.com,VQFZB5485R,9505915498,ICIC8432904,8305219165078139
Rahul Sharma,rahulsharma585@gmail.com,IFTZZ6227X,6761782735,YESB5482265,1012277769258846
Arjun Kumar,arjunkumar602@gmail.com,PUNOR9672Q,9312439211,HDFC6522188,1932044928431009
Suresh Gupta,sureshgupta769@gmail.com,PLEMC7311Z,8955110500,IDFC3082840,9858710326135308
Anita Gupta,anitagupta518@gmail.com,JBZCM5373V,8611927023,SBIN1477658,9084452528587372
Kavita Verma,kavitaverma28@gmail.com,XXFKA4836I,9362724963,ICIC6011543,5764065580996806
Sneha Verma,snehaverma777@gmail.com,ISBUR7289T,7324211065,HDFC2567072,9585513256641421
Kavita Joshi,kavitajoshi166@gmail.com,KBEAJ3078C,6875847150,ICIC8909732,9255129064717675
Amit Mehra,amitmehra741@gmail.com,MIMJU7999C,6000330547,ICIC6261306,5314604901630680
Suresh Mehra,sureshmehra138@gmail.com,TSTCQ7810U,6450220108,ICIC1049592,0995273956470608
Kavita Reddy,kavitareddy996@gmail.com,LDTJO3841H,8038975470,AXIS7308743,9358809035584434
Sneha Sharma,snehasharma854@gmail.com,YYAVX1709S,7796203733,AXIS0319350,8908431521408674
Kavita Gupta,kavitagupta120@gmail.com,ZWHQA3187Q,7362449849,HDFC5578472,3183084152273073
Suresh Reddy,sureshreddy745@gmail.com,RNMGX1663C,8252080269,KOTAK5422149,1676643917488741
Pooja Singh,poojasingh502@gmail.com,HWAIY5915W,6512404120,PNB0509579,5091160151596908
Rohit Singh,rohitsingh16@gmail.com,UFPZH2888K,8848945806,ICIC3141070,8974044987036639
Amit Singh,amitsingh99@gmail.com,QDBWP6034Q,6610645714,ICIC5572301,3627813154531616
Arjun Singh,arjunsingh152@gmail.com,FVUCP3710E,6211055224,IDFC7227235,1463973178636436
Anita Joshi,anitajoshi339@gmail.com,KZGLY0212G,8050753829,IDFC0897378,6246521944518290
Arjun Joshi,arjunjoshi925@gmail.com,EDSPN2864C,7010704029,SBIN1434343,5166307379211752
Arjun Patel,arjunpatel895@gmail.com,MLCUI3477C,6897873205,SBIN5030381,8806426903186620
Amit Kumar,amitkumar584@gmail.com,LUOKA4401E,8715125718,PNB0654165,6391646166357564
Suresh Joshi,sureshjoshi731@gmail.com,YNAJV7031G,8242414344,HDFC3530373,8830313548019224
Kavita Singh,kavitasingh769@gmail.com,NFDQS8968V,9172613078,KOTAK1089258,2253284993369397
Rahul Joshi,rahuljoshi743@gmail.com,WNBFE4479M,9572384409,KOTAK1331164,7968948527352930
Rohit Singh,rohitsingh277@gmail.com,POGFZ2294T,8411475504,KOTAK5770747,5450327556601130
Anita Gupta,anitagupta439@gmail.com,IWULG2555G,7241136609,IDFC7829535,5055928115619002
Pooja Mehra,poojamehra561@gmail.com,VBNNT0629A,9152253758,SBIN5609911,7673015936972783
Pooja Reddy,poojareddy231@gmail.com,KZQUM5978L,9118773377,ICIC8576101,2114066180651582
Amit Iyer,amitiyer615@gmail.com,YNWFJ2694T,6869798409,ICIC4080399,4427290089928107
Amit Kumar,amitkumar79@gmail.com,PPEJO7578N,6812430953,KOTAK6868431,4322648285877681
Sneha Mehra,snehamehra397@gmail.com,XDMTE4193J,6555234500,SBIN5780500,9903318713446564
Arjun Joshi,arjunjoshi810@gmail.com,BUKRB1842Z,7599927644,ICIC8489003,0488405896835065
Rahul Verma,rahulverma915@gmail.com,XQKJC7313L,9835055748,PNB7037309,8999278945082226
Pooja Gupta,poojagupta324@gmail.com,YFMZH4364S,7009253310,PNB5827091,5005334057407565
Suresh Patel,sureshpatel516@gmail.com,IUFSS2064T,9305827380,KOTAK3712436,7117828685099222
Rohit Reddy,rohitreddy122@gmail.com,POWOP0679Y,7319183568,IDFC5798010,9245677388577447
Suresh Reddy,sureshreddy556@gmail.com,EVIDH9830K,9417108124,HDFC1977988,1232880204268536
Kavita Gupta,kavitagupta778@gmail.com,QXNKC4602O,6911841488,AXIS1517982,9067903871709479
Amit Kumar,amitkumar962@gmail.com,LZTPX4273H,8595315993,AXIS5542024,5430895115128065
Pooja Mehra,poojamehra757@gmail.com,SSKAD8960N,8805430479,ICIC3906066,5972499025355674
Amit Sharma,amitsharma917@gmail.com,QUROI3637P,7557816375,YESB7667931,9767090078135327
Amit Kumar,amitkumar342@gmail.com,HPGVR6493W,7062662995,IDFC1069204,8125965912534984
Suresh Reddy,sureshreddy214@gmail.com,OJCZF8085E,6902935381,KOTAK9145690,3965871712179221
Kavita Reddy,kavitareddy361@gmail.com,QEAKC6964F,8531049413,SBIN3277109,4436932688784327
Suresh Verma,sureshverma90@gmail.com,ULGOM7077Q,6030527421,KOTAK3032490,0026934080664837
Amit Kumar,amitkumar687@gmail.com,UFAFJ4154Y,6044184158,KOTAK6889530,4320511782130564
Suresh Reddy,sureshreddy611@gmail.com,EAZOO6844H,7209782657,ICIC4515127,9731626627654495
Sneha Verma,snehaverma689@gmail.com,TWDTG8535Q,6930516245,ICIC5489129,1258982419672555
Amit Reddy,amitreddy293@gmail.com,CYNQO2192W,7734986741,SBIN2609252,0373098909239991
Arjun Gupta,arjungupta326@gmail.com,LIALC5244S,8036105262,IDFC6149615,0409397855560299
Suresh Iyer,sureshiyer511@gmail.com,XAIBJ8750T,6683454193,IDFC9441843,8951392113771692
Suresh Verma,sureshverma891@gmail.com,ETSRP1959S,7775246371,YESB5212673,8193048473981777
Amit Mehra,amitmehra911@gmail.com,AJJPM8557K,9355010793,IDFC5145761,2542423110198145
Suresh Patel,sureshpatel449@gmail.com,PJHEF1978I,7434581191,HDFC8422995,9482164666518751
Pooja Sharma,poojasharma869@gmail.com,YGOGX6666X,7225584475,SBIN9838386,3603989351769712
Neha Mehra,nehamehra217@gmail.com,SHJZN3380F,7110296228,SBIN8517680,6876877858543508
Pooja Kumar,poojakumar827@gmail.com,RXXST6543P,7312316048,SBIN5166991,9507863990976111
Amit Verma,amitverma418@gmail.com,ZNVDS2077D,9577792061,IDFC2330507,1846882796006161
Arjun Patel,arjunpatel121@gmail.com,ZBASW1857J,9232389284,YESB0915425,1248711521015621
Arjun Joshi,arjunjoshi343@gmail.com,FYEPY1924M,6507684347,HDFC1276661,6267149870309065
Kavita Gupta,kavitagupta808@gmail.com,LMFRE1473T,6109202973,YESB1170011,1608618760204883
Pooja Mehra,poojamehra816@gmail.com,XQVQW6963E,9166587534,HDFC8204212,6161317219658258
Arjun Verma,arjunverma928@gmail.com,JQGML1409S,8871613651,ICIC1922557,8425340456696775
Pooja Joshi,poojajoshi160@gmail.com,XBQUF7718W,6450353172,SBIN0002029,8326278985258755
Suresh Mehra,sureshmehra574@gmail.com,TRALT9964V,8954188040,AXIS5357759,7351705197224952
Rohit Gupta,rohitgupta417@gmail.com,MKSRR7774C,7467981847,SBIN0687475,0031468329414384
Amit Kumar,amitkumar739@gmail.com,ADEJC1175F,8182761409,PNB2271453,9984655236941703
Sneha Reddy,snehareddy785@gmail.com,LWZTH5022E,6579053344,KOTAK2481310,9423218719276849
Neha Patel,nehapatel966@gmail.com,UXDRT4556A,6763344539,ICIC4054994,1475271214380034
Rohit Patel,rohitpatel25@gmail.com,XPEYK2296W,8789752774,IDFC0055024,5107858053995721
Anita Kumar,anitakumar206@gmail.com,UQMCC0203D,6615107289,ICIC7592517,0460935752178091
Arjun Sharma,arjunsharma704@gmail.com,GMDEX0698G,8802798080,KOTAK4572719,7158432597782169
Pooja Mehra,poojamehra748@gmail.com,CARNC0900V,8706364452,YESB5707511,0619239936972493
Anita Patel,anitapatel419@gmail.com,UKKNM7076A,8624430496,ICIC6824379,0290791091129873
Neha Patel,nehapatel433@gmail.com,ZTFVC4375Z,7769698919,SBIN2736150,6554120203157922
Anita Joshi,anitajoshi835@gmail.com,KWXBY2340C,8680033234,ICIC3012904,0845250921583598
Suresh Mehra,sureshmehra746@gmail.com,ZAZPX9605J,6814414303,IDFC2385739,5340768999514777
Amit Gupta,amitgupta146@gmail.com,SZPTN8321D,9105574694,AXIS3018819,5584339764082408
Pooja Gupta,poojagupta959@gmail.com,ZXLVD4309O,7597894757,YESB4502043,1857062869566739
Pooja Iyer,poojaiyer799@gmail.com,GJAQH1040B,7263372192,PNB5930016,8921270407222029
Kavita Reddy,kavitareddy398@gmail.com,WEXYJ4075O,7228306698,PNB8853119,1459581881507949
Sneha Patel,snehapatel723@gmail.com,DEIEP2947P,6653788304,KOTAK4221230,3055500646549302
Amit Kumar,amitkumar914@gmail.com,GPDXS8304M,9079395195,ICIC7705792,6560934357945172
Anita Patel,anitapatel735@gmail.com,YHSSU7944A,8213684462,HDFC4970375,6038056878202444
Amit Gupta,amitgupta812@gmail.com,KHRGF2849V,6731732188,AXIS5406021,7328204267609012
Rohit Sharma,rohitsharma831@gmail.com,YOMAZ0095E,8961382795,ICIC8397655,7741562238430995
Suresh Patel,sureshpatel194@gmail.com,LCXYQ9913B,6605775974,IDFC1747122,3679667829616985
Pooja Gupta,poojagupta816@gmail.com,JJPST0152F,8305928468,AXIS9749244,1716975221033635
Suresh Kumar,sureshkumar11@gmail.com,QHTOY1281G,7869303687,KOTAK9046099,2013872559844065
Rohit Patel,rohitpatel111@gmail.com,CNRDI9188H,6214151887,HDFC5063140,9950099241823788
Rohit Patel,rohitpatel985@gmail.com,QWNKS5075Y,8032969115,IDFC4729532,5181396852006488
Anita Sharma,anitasharma657@gmail.com,PGGHR7773V,7586836488,SBIN7184939,0285503933251733
Neha Joshi,nehajoshi675@gmail.com,CCYKL2804P,8474128931,ICIC8640139,9545968880719632
Arjun Kumar,arjunkumar989@gmail.com,IGKWB9324U,9771574279,KOTAK4729055,3955456524417099
Arjun Kumar,arjunkumar801@gmail.com,COZVK3762P,6747948513,YESB5750189,7669643934762244
Anita Joshi,anitajoshi908@gmail.com,HEABZ8349E,7554137026,ICIC0234522,6293758384201631
Kavita Reddy,kavitareddy629@gmail.com,GFAKO3565E,7440006000,YESB4756553,4267850559186887
Arjun Reddy,arjunreddy388@gmail.com,QQBSI5615L,7514724756,YESB2618306,3663562315966898
Anita Singh,anitasingh70@gmail.com,NRGGD8362Q,8282500809,YESB8789149,3685934178872732
Amit Sharma,amitsharma782@gmail.com,ZJSPD5089K,7807265893,YESB7774257,8278867864143059
Neha Mehra,nehamehra118@gmail.com,DJHMB0872M,8488572872,YESB7011779,1515628862463608
Arjun Patel,arjunpatel500@gmail.com,ABJMG5471E,8824971741,PNB6644040,0798115228760851
Suresh Sharma,sureshsharma546@gmail.com,DJOAS0972R,7779741782,YESB3248721,1612675445438036
Rahul Sharma,rahulsharma594@gmail.com,VMXCF1378B,7854488400,SBIN5180554,4679536703388442
Suresh Patel,sureshpatel828@gmail.com,OHQND4764C,9560388780,KOTAK1980051,9830724424144399
Suresh Sharma,sureshsharma890@gmail.com,TMCTL3471D,6060232305,ICIC6977735,2087674584084004
Amit Gupta,amitgupta593@gmail.com,VQGTL5335F,9546832865,PNB0362744,4262478097021955
Rohit Joshi,rohitjoshi586@gmail.com,GYXKS5057Q,6426335242,SBIN9748157,8488476768986854
Suresh Patel,sureshpatel884@gmail.com,LPUOJ2500W,8449703084,KOTAK2545429,3704688083343888
Sneha Reddy,snehareddy189@gmail.com,NYHES6671M,8928851176,SBIN3994255,3232818431120409
Rahul Patel,rahulpatel896@gmail.com,BEUHG2961U,7516553156,HDFC5700533,7688739850101785
Sneha Singh,snehasingh956@gmail.com,PBMQP0771Z,6541748381,KOTAK5408011,1298369206575685
Amit Kumar,amitkumar147@gmail.com,OYRUX9906E,6732716659,IDFC9008605,9664050665737451
Sneha Sharma,snehasharma483@gmail.com,DHHNB3015G,7108063666,IDFC8448003,8198952932592060
Amit Mehra,amitmehra857@gmail.com,WRLCW0069S,6612957159,PNB6663143,6243649585038715
Kavita Kumar,kavitakumar461@gmail.com,YVMSD4604K,8312206558,SBIN8333109,3543191597823421
Anita Singh,anitasingh46@gmail.com,CHLQH8552I,7759467685,AXIS4136171,4021803928064074
Rahul Mehra,rahulmehra916@gmail.com,RVPOX0153W,9328226384,SBIN1045534,0922879516038580
Neha Joshi,nehajoshi622@gmail.com,TLNXV0705L,9833903613,HDFC6196640,7725422129348279
Rohit Iyer,rohitiyer260@gmail.com,BQWWO1542N,8832215515,ICIC1737051,2166490290364990
Amit Kumar,amitkumar372@gmail.com,YCMIU2077R,7244811517,PNB0801723,5293253863255644
Arjun Kumar,arjunkumar485@gmail.com,WHZEM3464V,6753793066,AXIS5816730,2889514989892703
Kavita Gupta,kavitagupta692@gmail.com,JGLNL0622H,7506531185,SBIN5241795,0896858198575787
Pooja Joshi,poojajoshi639@gmail.com,WSNPG3931B,9368515696,SBIN3867373,8556360527571330
Neha Verma,nehaverma408@gmail.com,RAZXR8774A,6201847193,IDFC0037765,0265144978722202
Kavita Singh,kavitasingh556@gmail.com,NOHVB0499T,6295919972,ICIC1403837,5950272996863046
Arjun Kumar,arjunkumar391@gmail.com,BSPIJ8522X,9139326085,PNB8108024,0628011311726901
Anita Verma,anitaverma47@gmail.com,DERDR6937S,9961874549,KOTAK4934995,3207507868967040
Suresh Mehra,sureshmehra980@gmail.com,FJJCH1721I,8133542938,AXIS9220315,6148574747439279
Sneha Reddy,snehareddy923@gmail.com,GVNYH9096D,7080267133,SBIN7440826,3541251214656728
Rahul Mehra,rahulmehra277@gmail.com,KZTGX4563G,8486571334,ICIC0836729,1835329529664930
Kavita Reddy,kavitareddy498@gmail.com,ZEYNV1319G,9380892452,YESB5873187,1494678310592304
Rohit Singh,rohitsingh423@gmail.com,ZOILQ6539X,9807331134,YESB1021168,6185135784236731
Sneha Patel,snehapatel127@gmail.com,QNBHF8049R,7450155171,KOTAK0525365,2117429064480925
Amit Iyer,amitiyer947@gmail.com,FHIFE6711R,7217402680,AXIS4736079,7465928814898380
Rahul Joshi,rahuljoshi894@gmail.com,XHMYX5851X,9896583855,HDFC1645041,8756747440151445
Sneha Verma,snehaverma691@gmail.com,TYLBM3474U,7242458204,YESB3158673,6613914363928208
Neha Iyer,nehaiyer801@gmail.com,FAXHM2329I,7031845628,IDFC1357445,5036544255741241
Rahul Sharma,rahulsharma445@gmail.com,NVIYD7210C,7452103197,KOTAK0191259,1312090213592410
Rohit Singh,rohitsingh487@gmail.com,NSKNZ4102L,9657938601,KOTAK9016028,4624410325456443
Arjun Reddy,arjunreddy449@gmail.com,JMIXD6090R,7243069107,HDFC9093759,0347491770631067
Neha Patel,nehapatel562@gmail.com,CHRDS5561K,8567178329,IDFC5468980,8424513947144375
Amit Mehra,amitmehra479@gmail.com,GVSTX5830B,6317597767,AXIS7069089,5787048786703779
Kavita Reddy,kavitareddy489@gmail.com,WTGFM7266L,7857817084,KOTAK9444433,8207050030471183
Suresh Gupta,sureshgupta517@gmail.com,JOIUL4152H,9794417040,SBIN4381738,2654868031541880
Sneha Verma,snehaverma69@gmail.com,HZDBD6764M,8846790785,ICIC5904308,8669452419989540
Pooja Iyer,poojaiyer684@gmail.com,VTHDH2394N,7291867901,IDFC5311599,9721473656422813
Kavita Patel,kavitapatel552@gmail.com,SUORV3896B,6341196088,HDFC8897180,9690854707097582
Kavita Iyer,kavitaiyer459@gmail.com,KWIGR6152P,7660875356,PNB1066357,8386861818915323
Arjun Verma,arjunverma748@gmail.com,TUFKQ9893E,9472085416,AXIS9671786,1947542863767411
Neha Joshi,nehajoshi655@gmail.com,KBOZV1914E,8556493775,KOTAK5359867,6996588318939834
Rahul Iyer,rahuliyer772@gmail.com,BWAIW4104X,6328128345,IDFC4189181,6902499840599361
Rohit Reddy,rohitreddy39@gmail.com,SNOZY4575L,8738379433,AXIS2293407,6491023965246464
Arjun Joshi,arjunjoshi412@gmail.com,PINFJ5079S,9355322873,IDFC0051797,1066736376687212
Anita Iyer,anitaiyer982@gmail.com,CCUYC5473X,7292906520,SBIN8386972,2055896940951460
Neha Kumar,nehakumar418@gmail.com,ICSXC8364H,7454703897,ICIC6173572,3288742209596552
Sneha Mehra,snehamehra722@gmail.com,ZMQUC8458M,6228920099,ICIC9667343,2379584269915821
Neha Mehra,nehamehra496@gmail.com,KCDGJ6940T,7748570289,KOTAK7054290,7058683296989078
Kavita Joshi,kavitajoshi15@gmail.com,HDYQV7884W,9844093630,YESB3527843,1701145410254529
Suresh Iyer,sureshiyer425@gmail.com,EWSUV2582S,9735241509,SBIN6816351,6305998653400543
Sneha Reddy,snehareddy412@gmail.com,WVJRP5136E,8926658677,YESB1679476,2417985230782159
Anita Joshi,anitajoshi809@gmail.com,CQNIE2735K,6568412407,AXIS1401211,0424386617195494
Anita Kumar,anitakumar309@gmail.com,NJOWN4136I,8424377751,YESB7233351,7838489591996861
Rohit Joshi,rohitjoshi307@gmail.com,KSCCE2737G,8261128195,AXIS0440912,4434365039600660
Rohit Gupta,rohitgupta300@gmail.com,LBWRO1986U,9872700522,PNB2125075,6341669904640942
Pooja Gupta,poojagupta313@gmail.com,GFAJD1542K,9614136163,HDFC0004635,4431216379226110
Amit Verma,amitverma917@gmail.com,TRHQV6509K,7528667346,SBIN4753109,9635055665468895
Rahul Mehra,rahulmehra551@gmail.com,OYNWL6518K,8276418865,AXIS3381401,7359884687298591
Arjun Gupta,arjungupta890@gmail.com,PFVLQ2554E,8492777931,HDFC5661306,7996938187851426
Amit Verma,amitverma266@gmail.com,JXOYJ4589L,6571662812,AXIS5012784,8460905738482760
Sneha Joshi,snehajoshi319@gmail.com,TQENH8228F,6684132848,AXIS0110626,3173125766342503
Arjun Mehra,arjunmehra567@gmail.com,ADSGG3881X,9349701000,IDFC8342650,0618638134366058
Amit Joshi,amitjoshi86@gmail.com,APAHT5902M,7317463871,HDFC7417165,5914046909840638
Kavita Mehra,kavitamehra209@gmail.com,VPIKU4995I,7325773188,AXIS2435240,4040730259044250
Pooja Sharma,poojasharma780@gmail.com,KETHE0049F,6451056591,YESB0319356,5266461027858021
Anita Singh,anitasingh447@gmail.com,WSOQK7744B,9969855840,SBIN8583830,9458709531481858
Kavita Joshi,kavitajoshi294@gmail.com,IRSBB4418U,8559166660,YESB5162888,4982818119271803
Suresh Mehra,sureshmehra402@gmail.com,EFKWZ1661Q,6616586026,SBIN9503423,6264124483299957
Amit Iyer,amitiyer454@gmail.com,CIOKE8904V,8996094363,PNB4202085,1985446188267334
Rohit Sharma,rohitsharma786@gmail.com,TCVAU0161J,6964705953,PNB7789305,4296620095996980
Neha Mehra,nehamehra766@gmail.com,VPEDL5136L,8910084694,YESB8958462,5932178838937880
Neha Reddy,nehareddy877@gmail.com,WMLRG3485I,7260403970,IDFC9265052,2863468161879239
Arjun Reddy,arjunreddy970@gmail.com,MXECQ2118N,7580782545,PNB5086432,4380119677806140
Suresh Joshi,sureshjoshi905@gmail.com,IRXTI8609U,7540255444,HDFC0321889,6822776361610569
Amit Gupta,amitgupta401@gmail.com,QOUFU4775Y,7295804147,YESB0190502,9691202569210877
Kavita Gupta,kavitagupta391@gmail.com,ZJCQJ9803E,6308536406,HDFC4913576,6669822631067206
Arjun Iyer,arjuniyer357@gmail.com,ENSSJ8561W,8690577657,PNB6208592,8298326434899066
Arjun Kumar,arjunkumar747@gmail.com,BRIRK9463M,6999344440,KOTAK8446868,4150915772205329
Sneha Patel,snehapatel996@gmail.com,ZTBUB3745Y,8095207459,IDFC7620303,1415304003039288
Kavita Gupta,kavitagupta373@gmail.com,XWIBI5679Q,7206559348,SBIN3989278,6815608843918150
Anita Iyer,anitaiyer540@gmail.com,QHRUB8456J,7997231187,SBIN4875807,1167958778046277
Neha Joshi,nehajoshi187@gmail.com,XWQZN4773L,6912402302,KOTAK6806987,8002535993053834
Rohit Kumar,rohitkumar524@gmail.com,MHROP2462Z,6398222040,IDFC3343342,8059671984831459
Pooja Singh,poojasingh987@gmail.com,TOYGW8488M,6914035977,AXIS2358831,6254111302437228
Amit Singh,amitsingh931@gmail.com,CYEYL6880W,7978940921,ICIC0324009,1798147749658356
Sneha Mehra,snehamehra450@gmail.com,TOOAI8840P,6923858700,SBIN9173442,3912506874830782
Rohit Mehra,rohitmehra303@gmail.com,MWVMQ0319J,8782041066,YESB2011460,6508197093258976
Suresh Joshi,sureshjoshi434@gmail.com,VGJYS7827U,9586127264,YESB9488979,9890849759411195
Sneha Singh,snehasingh211@gmail.com,OXJAT2350G,8373739528,AXIS2320149,3037032046501942
Amit Reddy,amitreddy641@gmail.com,ONYNW9281D,6557269759,HDFC3232251,8136905533717501
Sneha Singh,snehasingh575@gmail.com,BXDUR9550J,9588429144,ICIC2900069,4035455281110150
Arjun Reddy,arjunreddy105@gmail.com,FUHDV0205I,7121124460,ICIC5486825,7785747083726397
Sneha Reddy,snehareddy315@gmail.com,YVZMC3759Q,8972344069,HDFC8110017,8498939712287865
Neha Singh,nehasingh890@gmail.com,VTGHL3317X,9044969540,KOTAK6461428,3452985051352061
Arjun Verma,arjunverma172@gmail.com,EFVIA8696C,8726691034,AXIS5256397,0386236499855298
Sneha Verma,snehaverma64@gmail.com,HHENP7764R,9923832300,YESB3515008,3835030392096561
Rahul Gupta,rahulgupta570@gmail.com,GKPMR1927G,7153830217,IDFC4585175,0764450643710162
Suresh Verma,sureshverma253@gmail.com,SOENI1639E,6243487632,KOTAK4132331,8757195577700505
Rohit Joshi,rohitjoshi114@gmail.com,BPLHL9529L,8602350538,SBIN5436372,6155025770505148
Suresh Reddy,sureshreddy539@gmail.com,AEBDY6463I,7237042320,AXIS7000757,4845058370369180
Neha Joshi,nehajoshi644@gmail.com,TFDQS1616M,8795676737,HDFC8930582,9499548016528834
Suresh Kumar,sureshkumar612@gmail.com,HKQIN5015V,7723156919,KOTAK5294151,6495549601229112
Sneha Verma,snehaverma908@gmail.com,HVLKB2270T,6940498133,IDFC4002348,3106143042538377
Rohit Gupta,rohitgupta805@gmail.com,PYAWZ2859U,7577577467,PNB9476437,8787247425100174
Sneha Verma,snehaverma622@gmail.com,ZGPCK1875R,8444964156,ICIC8609560,9238730679486991
Kavita Patel,kavitapatel945@gmail.com,TOKZZ7146A,7929727688,PNB5226217,8040479162655420
Kavita Kumar,kavitakumar647@gmail.com,KHLJX0659I,8258168012,IDFC8329830,9589550145328757
Neha Verma,nehaverma372@gmail.com,PAQHM7445G,9257623407,ICIC3625802,9478151884170489
Sneha Patel,snehapatel330@gmail.com,KDTKZ9299M,8542160494,PNB1248423,8831016501924939
Kavita Sharma,kavitasharma950@gmail.com,NELSD5871G,8766896964,AXIS8110057,3130340602926521
Arjun Singh,arjunsingh816@gmail.com,ZNGYD5598U,9630024036,PNB1676424,7833304994956424
Rohit Kumar,rohitkumar821@gmail.com,KPTQU1131B,8713595996,AXIS9509765,2807758652531433
Neha Mehra,nehamehra186@gmail.com,GRMDE6027M,8122901733,YESB4386360,0408049928403985
Rohit Mehra,rohitmehra880@gmail.com,BJZFB7263Z,8615036837,KOTAK7821757,0096842551171990
Pooja Reddy,poojareddy28@gmail.com,POWMN7390D,8174043151,YESB4643178,3905412645031723
Kavita Reddy,kavitareddy442@gmail.com,BTOLD2833A,7491536813,AXIS5171926,7334963567262738
Arjun Mehra,arjunmehra556@gmail.com,FFOHJ9815R,7036063359,YESB9407138,2166910963623071
Amit Gupta,amitgupta253@gmail.com,JKIAU1831X,8964273544,ICIC0613697,7726050394107238
Sneha Mehra,snehamehra140@gmail.com,XHZTH7454A,8408996610,ICIC5682235,4351776187355102
Rohit Verma,rohitverma259@gmail.com,AKBWK8637K,7288269542,ICIC5520605,4442122328356693
Rahul Singh,rahulsingh500@gmail.com,MPCKJ1432Q,9187377034,YESB6623044,3692091002595324
Neha Sharma,nehasharma96@gmail.com,STRVC1212D,8357822002,ICIC1013136,0170543300622710
Sneha Patel,snehapatel51@gmail.com,KVIIY2616J,6851100981,KOTAK3642956,2719852610690700
Arjun Verma,arjunverma256@gmail.com,VDENQ0876U,9891802239,YESB2215865,3424102503858844
Pooja Sharma,poojasharma77@gmail.com,ETPLE0873X,7343205253,AXIS6966340,9050519409112468
Suresh Kumar,sureshkumar336@gmail.com,PENEZ5172O,6634092954,HDFC4269794,9348497995327467
Pooja Kumar,poojakumar350@gmail.com,MUKLQ7163T,7346153652,AXIS4083179,6564300571222294
Kavita Sharma,kavitasharma307@gmail.com,JBIDJ4314T,7719794150,AXIS6821705,2971019665452051
Rahul Iyer,rahuliyer878@gmail.com,HNMEV2668I,8651034004,KOTAK8866381,3556288666835818
Sneha Patel,snehapatel839@gmail.com,IECPH5881K,8141808981,AXIS2272962,8847126471817685
Kavita Patel,kavitapatel931@gmail.com,YNAFK5204N,9271211317,SBIN4945121,4486817518380391
Suresh Iyer,sureshiyer645@gmail.com,MCKAC6680X,9612382780,IDFC5026753,8380703624067915
Pooja Singh,poojasingh870@gmail.com,ZVMHT6653L,6368360458,AXIS2793867,7853612812498716
Kavita Joshi,kavitajoshi91@gmail.com,XJDVC3017C,6895975516,HDFC0048792,9046265451937519
Rohit Singh,rohitsingh853@gmail.com,CDJKI0983J,6178291468,AXIS6180311,7203628149480382
Sneha Gupta,snehagupta545@gmail.com,AZWUP2621V,7349492876,AXIS6002895,5757762789942079
Anita Mehra,anitamehra270@gmail.com,BFAOK2840M,9396863554,PNB8733640,0688715853440266
Rohit Singh,rohitsingh697@gmail.com,TGGIT8783Q,6417532483,IDFC7254636,1354070879938361
Kavita Kumar,kavitakumar351@gmail.com,XOUMM3498Z,6292142380,AXIS6629202,0304215549861754
Pooja Sharma,poojasharma106@gmail.com,GZAZD5334O,6661787450,SBIN7955993,3288937361161829
Amit Sharma,amitsharma311@gmail.com,FHDXF0494D,6565760141,YESB3832059,0406772207652203
Rohit Reddy,rohitreddy813@gmail.com,AUBAM4949H,7707312644,YESB7441138,1809491517939991
Kavita Gupta,kavitagupta615@gmail.com,RTVZT9276G,7815544473,PNB3177774,9204345099631765
Sneha Reddy,snehareddy400@gmail.com,RJBJS5338M,9847523276,KOTAK9771353,8234039066746003
Rahul Joshi,rahuljoshi216@gmail.com,TBUWX6099G,9937171276,IDFC4486446,8159399955061606
Sneha Singh,snehasingh835@gmail.com,GXOCZ9974X,8858308475,IDFC7685713,1859437134054698
Suresh Iyer,sureshiyer386@gmail.com,OEIYZ3338H,6707341192,YESB1546414,5746901668753799
Neha Joshi,nehajoshi206@gmail.com,OXECB1601P,6438953441,KOTAK6108167,0264502611566570
Amit Iyer,amitiyer543@gmail.com,NLCWI0972H,9617069962,YESB6684853,8192155753046266
Anita Gupta,anitagupta384@gmail.com,PDGHX4667O,7921483537,HDFC3711401,3334669671358536
Rahul Sharma,rahulsharma437@gmail.com,VISUU9898V,8583452039,KOTAK1485945,9386396250803501
Suresh Patel,sureshpatel701@gmail.com,BCYKJ3172F,8054374055,PNB1760994,1702987681649135
Neha Iyer,nehaiyer757@gmail.com,ROUWA7296J,7305372533,KOTAK6329159,0688359665461365
Suresh Sharma,sureshsharma563@gmail.com,XSJVL9441U,8976782266,YESB8941928,2677004765209871
Rohit Gupta,rohitgupta96@gmail.com,WIFIT1793X,7608215403,ICIC8873645,1609299175255733
Arjun Reddy,arjunreddy115@gmail.com,JRFCU7729J,7474616589,KOTAK9436216,4654696782877057
Suresh Mehra,sureshmehra504@gmail.com,OOOJZ0807Q,8472483258,KOTAK3457487,3782863629633398
Amit Joshi,amitjoshi160@gmail.com,YNEGS3722G,9732108064,AXIS2854270,1753210802620357
Rohit Reddy,rohitreddy114@gmail.com,SXDZG0629O,6285153458,AXIS6585497,1997825145125358
Amit Patel,amitpatel17@gmail.com,LJGYE2403M,7592216260,YESB6981386,9478213646539761
Neha Mehra,nehamehra298@gmail.com,KGUFC4949D,6301877622,IDFC2560168,9369883822867334
Kavita Reddy,kavitareddy555@gmail.com,TFHOH8715T,8733995719,SBIN5364183,4144105594012122
Sneha Iyer,snehaiyer936@gmail.com,IVILF9988P,8563531878,YESB3773944,7463310044525583
Sneha Joshi,snehajoshi26@gmail.com,JSHSC9149X,6078347885,ICIC9499532,6087696087326027
Anita Verma,anitaverma769@gmail.com,ECMDN2123H,8584248996,ICIC6896444,5748029971589142
Amit Mehra,amitmehra556@gmail.com,CGGOV9268C,9611971599,KOTAK6609409,8364098566540474
Kavita Iyer,kavitaiyer391@gmail.com,KZOHL4713Z,6800282925,SBIN4111077,0792437799741385
Rahul Iyer,rahuliyer478@gmail.com,RLLOT9414T,9782205360,AXIS8142002,6102944870556843
Anita Sharma,anitasharma894@gmail.com,BWESI6726X,6186711913,IDFC7848803,0051383066212088
Anita Joshi,anitajoshi137@gmail.com,XCEPV7220Q,9814101318,IDFC8163484,4192380567076939
Sneha Reddy,snehareddy470@gmail.com,WMFMC0825R,7938365274,HDFC8026222,8192354487155648
Neha Mehra,nehamehra210@gmail.com,UZFOX1593M,9750696886,KOTAK1970486,1122950533296331
Neha Reddy,nehareddy132@gmail.com,PELUM4178B,8470121314,PNB8021742,1953737955672826
Kavita Sharma,kavitasharma978@gmail.com,AVFKG7287V,7832415067,SBIN4855255,8290799576272578
Sneha Mehra,snehamehra490@gmail.com,FFVNX6443G,6671050316,IDFC7829425,6155433300995431
Arjun Mehra,arjunmehra790@gmail.com,FDKED3926F,8417076494,PNB4580031,8772347426882012
Arjun Reddy,arjunreddy40@gmail.com,IRNPA7356D,8387273308,ICIC1191050,2612511450064224
Anita Kumar,anitakumar41@gmail.com,VXUKI1842G,8551503029,HDFC9199292,4011934419963243
Amit Kumar,amitkumar502@gmail.com,KGJSN1062Q,9739498467,KOTAK1762777,7037637878221228
Kavita Sharma,kavitasharma950@gmail.com,WPWEO1755H,6751725367,KOTAK2842959,4342238519007973
Anita Verma,anitaverma453@gmail.com,ZPBWY3163A,7584592260,AXIS1336872,2544278972914464
Rohit Iyer,rohitiyer178@gmail.com,HQQQH0314M,8517315271,AXIS0003702,9717717023384464
Sneha Mehra,snehamehra960@gmail.com,BIZMN7904C,6051101040,KOTAK7627429,5122867986546980
Suresh Iyer,sureshiyer947@gmail.com,JAHVY7952N,6936687184,SBIN2799790,3929368326530175
Arjun Kumar,arjunkumar437@gmail.com,AQXOU0200T,9344248875,AXIS4259259,7156795856566901
Rahul Mehra,rahulmehra569@gmail.com,KGFLA9772Z,8592235240,HDFC7475822,4419727307073295
Arjun Singh,arjunsingh507@gmail.com,ISRDJ4225D,7927638468,AXIS1640457,9942875336960628
Rahul Kumar,rahulkumar297@gmail.com,QZGII9473I,8701732793,ICIC4405971,0391512395002940
Pooja Iyer,poojaiyer551@gmail.com,SNEJC0022S,7393062782,ICIC7308471,6900620975017226
Neha Gupta,nehagupta17@gmail.com,MCWNJ1345M,8518197322,PNB8350191,9522726451459681
Pooja Singh,poojasingh70@gmail.com,SBQRR0654T,7844697064,AXIS2971224,4470963884184666
Arjun Singh,arjunsingh437@gmail.com,YGYDB0220F,9932995171,PNB6516342,5881949960317560
Sneha Patel,snehapatel746@gmail.com,OWDJT0396T,8958602743,KOTAK1128903,7895219122077490
Kavita Joshi,kavitajoshi997@gmail.com,FUVTP2139S,8760507749,YESB9780930,1478221734077673
Neha Kumar,nehakumar760@gmail.com,JMTOK1285M,7715066284,ICIC1556708,0347414254767629
Rohit Singh,rohitsingh807@gmail.com,UBDAL1907X,6061505628,AXIS8361328,0764289317112088
Kavita Mehra,kavitamehra93@gmail.com,ULEGF7070N,9811571272,HDFC3359241,2159937080991335
Anita Singh,anitasingh681@gmail.com,JUKZB5795V,6118052599,YESB7587300,6942696664483076
Anita Kumar,anitakumar554@gmail.com,HHYUA2063V,7095499465,PNB8325966,7262566682896249
Amit Joshi,amitjoshi64@gmail.com,WHVES2065D,9659705850,AXIS7685946,5649881128982837
Neha Verma,nehaverma633@gmail.com,TNIPA5123P,6794704984,ICIC0376091,3765883789379109
Rohit Joshi,rohitjoshi178@gmail.com,GPWXQ1275U,8353903564,HDFC8612386,9101653882902330
Kavita Joshi,kavitajoshi511@gmail.com,MAZRC3250Y,8238955524,YESB5244542,1245609115958032
Amit Sharma,amitsharma454@gmail.com,SQJWU6511P,8602350196,KOTAK5595142,6691234333537405
Pooja Singh,poojasingh548@gmail.com,JLCEY1560K,6019394362,HDFC4162656,8658594052927941
Arjun Mehra,arjunmehra558@gmail.com,HHAQT6649O,9652602787,KOTAK9932824,5588316240570263
Suresh Joshi,sureshjoshi849@gmail.com,FWYYG8889B,6126314168,AXIS8134951,2356071663248888
Rohit Singh,rohitsingh640@gmail.com,JOGCY4658V,6808020935,HDFC2556002,1905025749597702
Anita Singh,anitasingh260@gmail.com,XGVYI6816I,6935083575,IDFC0817233,2663795707879716
Rahul Verma,rahulverma209@gmail.com,SAHIX9916R,6455521932,KOTAK7293427,5485766612643608
Sneha Kumar,snehakumar963@gmail.com,QHQHH2011K,6627428267,KOTAK3267996,7567302750566967
Kavita Iyer,kavitaiyer452@gmail.com,AFTWS6019M,7532728237,HDFC0520272,8697326961988939
Suresh Patel,sureshpatel557@gmail.com,IDNOB0560X,7716748678,HDFC7513045,2485530952827387
Rahul Kumar,rahulkumar971@gmail.com,EISHP6728G,9296158000,PNB7886035,6105539899046199
Rahul Verma,rahulverma447@gmail.com,KWVMD2978F,7350321086,IDFC5655584,3414317205385431
Sneha Singh,snehasingh836@gmail.com,CHHAA3171Q,6816935556,KOTAK9152227,0629878916428166
Suresh Gupta,sureshgupta810@gmail.com,CQNYD7654U,6477047353,PNB2421464,9862082979244133
Pooja Singh,poojasingh358@gmail.com,UKERH8594P,7381601814,IDFC0614951,4184204281453125
Neha Mehra,nehamehra887@gmail.com,CQFDU3865F,9449605416,HDFC0980900,6804408232678474
Neha Reddy,nehareddy179@gmail.com,DQPPU3020U,8484521253,SBIN1309466,1198279756707160
Neha Joshi,nehajoshi821@gmail.com,JYDSV6097N,6171052245,AXIS3245397,2844969803133646
Pooja Gupta,poojagupta918@gmail.com,HWJRP5094D,9492539474,AXIS1438015,5502435029311778
Amit Patel,amitpatel635@gmail.com,MAEDB0050P,7075568166,KOTAK2386212,3394126850958680
Rahul Gupta,rahulgupta198@gmail.com,NPEBG5862Z,9605561445,IDFC0514856,8038091276774417
Rahul Sharma,rahulsharma805@gmail.com,BFYMC7416D,7535980004,YESB9386323,3841706278724585
Sneha Sharma,snehasharma947@gmail.com,VFMTO5990F,8936496896,PNB3543283,6918422445218704
Rahul Kumar,rahulkumar525@gmail.com,SQOXC8251P,9706380432,SBIN0079210,1483368947683519
Neha Iyer,nehaiyer111@gmail.com,EHWLE5674J,6437765453,ICIC3900841,6872263707526426
Kavita Joshi,kavitajoshi726@gmail.com,ILVKK3829C,6282468278,KOTAK5725048,5278596827001747
Sneha Mehra,snehamehra557@gmail.com,BRCDS7329V,9491958105,PNB6571006,2647116891659025
Rahul Reddy,rahulreddy568@gmail.com,VOBRN9489D,7582840050,IDFC2192964,5654699080808908
Rahul Verma,rahulverma869@gmail.com,MURZL3240M,9532018855,ICIC1602534,7580977080068630
Amit Reddy,amitreddy471@gmail.com,LGTYA9355R,6555692914,SBIN1684856,1776640675862662
Suresh Reddy,sureshreddy872@gmail.com,GYMJY8753I,9618509809,IDFC3490472,0336915774982683
Rahul Verma,rahulverma387@gmail.com,GEMTM4248L,8126440007,PNB7405048,9137494588750261
Arjun Patel,arjunpatel946@gmail.com,TVNRP0832G,9757978221,KOTAK2253033,4515589130973786
Amit Iyer,amitiyer422@gmail.com,NYQMB8053I,6423406482,ICIC4414677,9346152528984089
Kavita Mehra,kavitamehra16@gmail.com,CCCKX1230B,9154975709,SBIN4144696,1515486661497075
Sneha Sharma,snehasharma257@gmail.com,KANFL1250X,8655974677,SBIN0637138,4491070358195379
Arjun Sharma,arjunsharma570@gmail.com,PJRVF3934D,9998935297,SBIN6489539,8207440716097026
Suresh Patel,sureshpatel459@gmail.com,XGGTI8696I,6798395398,AXIS7043705,1084868672179491
Pooja Sharma,poojasharma150@gmail.com,RAHEU0366X,9663875061,YESB6016514,9486356887328324
Anita Joshi,anitajoshi140@gmail.com,ZMSZY5234H,8736089821,ICIC9061483,9445266161992638
Pooja Joshi,poojajoshi806@gmail.com,FIUJF1335G,9909882590,AXIS0471995,7767552331999250
Suresh Gupta,sureshgupta348@gmail.com,CFEQN5449K,6501235740,IDFC9802871,3721646282645779
Kavita Verma,kavitaverma177@gmail.com,ZILMH6027M,7712413684,PNB4279237,6015927924108113
Suresh Joshi,sureshjoshi70@gmail.com,UQTRB5847V,7663979299,IDFC6348017,4325166445026821
Kavita Gupta,kavitagupta443@gmail.com,DPOXS2129P,8116844398,AXIS8612659,1018951322208562
Suresh Iyer,sureshiyer822@gmail.com,HVQYE9006S,7728678564,AXIS9945988,3894283207631499
Arjun Reddy,arjunreddy355@gmail.com,LKQGH2892U,7934336940,AXIS8422054,4898898168768236
Anita Kumar,anitakumar322@gmail.com,ZVGAZ8031R,7480340937,AXIS7169452,6132419027527431
Sneha Gupta,snehagupta108@gmail.com,TMZGS1710H,6077900723,YESB1450748,8691939772650379
Arjun Mehra,arjunmehra177@gmail.com,YLQDR9468Q,9563316490,PNB3294536,3493603484930615
Pooja Joshi,poojajoshi997@gmail.com,XOSGO8980F,6181055004,PNB5419620,3949265561451494
Arjun Sharma,arjunsharma725@gmail.com,CSKDZ2570V,7312351423,IDFC6902031,2019880705595987
Arjun Iyer,arjuniyer526@gmail.com,UDEJC1543L,8550894185,KOTAK4156304,7984164322804803
Suresh Patel,sureshpatel493@gmail.com,LNZPZ0249V,9896312098,SBIN6032312,0725751181478475
Rohit Reddy,rohitreddy696@gmail.com,DOPVY8480N,9896600127,SBIN0344481,8513634075502428
Rahul Patel,rahulpatel215@gmail.com,UTAPU4296N,8214190303,KOTAK7777787,9377572567379655
Suresh Iyer,sureshiyer981@gmail.com,ROCLA8700F,9379030978,AXIS5142200,5979987066272196
Amit Gupta,amitgupta864@gmail.com,ZXMVS2515E,7741949378,IDFC5091963,3343171957725031
Arjun Sharma,arjunsharma663@gmail.com,MRANN3356M,6304130146,SBIN9301412,6016409980526070
Suresh Singh,sureshsingh446@gmail.com,LTXYW6237Q,6180980145,AXIS5286429,2972597900411782
Sneha Iyer,snehaiyer309@gmail.com,KMIIW5093J,7573146227,ICIC8121908,3517216442662593
Rahul Verma,rahulverma94@gmail.com,PSJYA5675H,6105638293,PNB7557918,4898499360522405
Anita Singh,anitasingh164@gmail.com,ANWUZ0458X,8580104019,KOTAK9856294,4595698833750308
Amit Patel,amitpatel25@gmail.com,LJHMJ9429Y,9701403657,PNB8551790,0115778818460834
Rahul Patel,rahulpatel32@gmail.com,ZPWYX3064J,6385828812,ICIC2703398,5452191667066266
Amit Patel,amitpatel749@gmail.com,EJRVG1109M,9778149680,HDFC9357935,8569543227168287
Pooja Joshi,poojajoshi830@gmail.com,KGJKY5439B,9420381072,YESB3012148,1913460666656146
Rohit Gupta,rohitgupta863@gmail.com,JHAOP6937V,8100109659,ICIC3142767,5292628796639774
Sneha Kumar,snehakumar299@gmail.com,HNPYV6423C,8977953499,PNB9352851,3290910653101691
Neha Joshi,nehajoshi626@gmail.com,UBNZO9402Z,7053516006,AXIS6241250,0816643694432031
Sneha Iyer,snehaiyer298@gmail.com,CGHZS9681A,6042110090,IDFC8589236,3385426641409777
Pooja Reddy,poojareddy59@gmail.com,BUXYF7995I,7527753473,KOTAK1878328,4945218638228662
Suresh Iyer,sureshiyer195@gmail.com,WUWCI7576Y,8383585184,YESB9265697,3271860667096993
Rohit Verma,rohitverma227@gmail.com,ZFPWD3249Z,8128318026,YESB3960396,4823257016605270
Anita Kumar,anitakumar33@gmail.com,FFUSN1152F,6770355917,YESB3201250,9118106771165030
Pooja Verma,poojaverma205@gmail.com,ECMJX9565M,8738326204,SBIN9107285,6292873973114158
Kavita Singh,kavitasingh94@gmail.com,JPLAK9676H,8390373274,AXIS4072107,7069873852699529
Rohit Reddy,rohitreddy269@gmail.com,DJOZS1474N,6257845035,KOTAK1106026,4404646679470506
Rahul Singh,rahulsingh649@gmail.com,IIEIM3216Q,6855876458,KOTAK0233868,8176351404682209
Anita Kumar,anitakumar304@gmail.com,ZTEVU9347W,7825231246,SBIN1260918,2200174399212245
Sneha Verma,snehaverma164@gmail.com,SRGMR4220C,9081511668,HDFC4087169,4480708000593093
Rahul Joshi,rahuljoshi195@gmail.com,JHMVQ6875O,8527771550,KOTAK0005164,3603952716790547
Suresh Reddy,sureshreddy237@gmail.com,FIVJM3867S,8317597892,YESB2608378,2545090426752915
Sneha Singh,snehasingh925@gmail.com,YRLWH6006N,8714303558,KOTAK7061674,1573970444094843
Pooja Kumar,poojakumar483@gmail.com,PCHTR2958Y,7826447853,AXIS1418472,4002084796407803
Anita Gupta,anitagupta562@gmail.com,LNEHB3769S,6771443070,KOTAK0205004,3359328336735980
Rahul Kumar,rahulkumar280@gmail.com,WHDDV8658J,6233883116,ICIC6567986,7910094482177797
Suresh Mehra,sureshmehra982@gmail.com,TFGFG3339E,6346850691,SBIN0804272,2538908965288790
Sneha Gupta,snehagupta782@gmail.com,UZFMF4476G,9811762920,SBIN9949413,0764331941356794
Anita Mehra,anitamehra906@gmail.com,TZPIH1424N,7633520936,ICIC0733264,5010110086930491
Rohit Gupta,rohitgupta927@gmail.com,ZPGRF6905L,7879607871,KOTAK7460834,9997761989953262
Anita Gupta,anitagupta116@gmail.com,JHBDD2294A,7619809852,PNB8275438,1036795768432803
Arjun Iyer,arjuniyer624@gmail.com,GWJLP5256B,8028595556,AXIS3476439,4489240072317264
Arjun Sharma,arjunsharma50@gmail.com,SVHDX1483X,9776486542,IDFC2324948,9512296905283375
Amit Singh,amitsingh834@gmail.com,EHQSE0718P,7533761625,PNB5631061,2987515219333706
Anita Patel,anitapatel438@gmail.com,IRMZB1248X,6293035818,AXIS7081635,2328693138825368
Suresh Joshi,sureshjoshi52@gmail.com,SIBHW1290K,8825550677,HDFC5398783,7484802898154980
Suresh Mehra,sureshmehra985@gmail.com,UHOBB3726B,6797989843,IDFC5186889,1740874244371286
Anita Patel,anitapatel965@gmail.com,PBAQD0181E,8312810819,SBIN2000196,8586337181691964
Sneha Joshi,snehajoshi786@gmail.com,AKTMZ4908G,7703043697,HDFC7198235,9068237923675730
Neha Iyer,nehaiyer865@gmail.com,BXZRW9985I,9673548462,SBIN5139643,6701993869495571
Amit Singh,amitsingh49@gmail.com,EPUDX3057Z,7579215159,AXIS0018277,6995783691472804
Rohit Sharma,rohitsharma171@gmail.com,ENFLO1609C,9124454741,PNB5089540,3950524428689518
Kavita Iyer,kavitaiyer395@gmail.com,QCKKC5188D,6561457699,YESB4743533,5774796115146942
Anita Singh,anitasingh216@gmail.com,QKUIM2336Y,7023208735,ICIC6227946,4703270654442323
Rahul Joshi,rahuljoshi554@gmail.com,FUEXW4493M,6476806220,HDFC5929591,7849259382070794
Rahul Verma,rahulverma322@gmail.com,WXMHL2528V,6732977138,PNB5701166,9667272999728825
Rahul Kumar,rahulkumar781@gmail.com,PIZZN6093P,9713830208,KOTAK6345069,4139412508453157
Kavita Verma,kavitaverma379@gmail.com,IGZVP2078T,9053203990,YESB3398167,8837811762886058
Rahul Iyer,rahuliyer803@gmail.com,UGSHS6695K,9576760248,SBIN0321120,6319107563011544
Rohit Gupta,rohitgupta123@gmail.com,NGKAC9865Z,9837046949,PNB0041646,6613809985970553
Anita Joshi,anitajoshi293@gmail.com,WDLSN4207E,9782666954,ICIC8583209,6086829688181662
Sneha Reddy,snehareddy484@gmail.com,PFZDI8535V,7344698624,PNB4222706,1521256334505173
Neha Sharma,nehasharma856@gmail.com,OCARO2320X,9607557098,YESB8996397,5110932994816763
Sneha Gupta,snehagupta72@gmail.com,PEWUW4121X,8189457030,IDFC3349436,1143508287473279
Pooja Gupta,poojagupta22@gmail.com,JZPNG4781W,8756656019,AXIS8869414,3478806934204428
Anita Reddy,anitareddy415@gmail.com,UDKOK7455S,8208955692,KOTAK4091194,8787111576044602
Rohit Reddy,rohitreddy987@gmail.com,QJJHZ1930Q,6185684675,IDFC2168676,5085257116663262
Amit Singh,amitsingh38@gmail.com,GAZEA6372L,9016487568,ICIC5468215,5375915760949153
Pooja Sharma,poojasharma107@gmail.com,LWBQU2175M,7413488021,AXIS1153387,9354582708231367
Rohit Kumar,rohitkumar547@gmail.com,GIENF7476B,8742721463,HDFC3682049,1868957495303566
Anita Reddy,anitareddy905@gmail.com,PQOUR0230R,6857976822,SBIN5559030,6605319058181257
Sneha Reddy,snehareddy467@gmail.com,IJATA6575R,8712744734,PNB0646248,7811332366307700
Arjun Mehra,arjunmehra803@gmail.com,TIKYO9872Y,8593643611,SBIN0605227,6561208277346595
Amit Joshi,amitjoshi551@gmail.com,JVJQM3274N,8736725664,AXIS1551689,8207973210753265
Anita Verma,anitaverma688@gmail.com,LUBZE1497I,9079257266,KOTAK6757990,0714511946299285
Sneha Sharma,snehasharma698@gmail.com,XIJJU9836L,6676881728,YESB9143729,0378207600002288
Rahul Patel,rahulpatel613@gmail.com,DRIZR7548A,6159686660,KOTAK6443590,9163729157976221
Suresh Reddy,sureshreddy866@gmail.com,YICLB2781Z,8042391011,YESB6647202,4229730892110355
Rohit Mehra,rohitmehra687@gmail.com,CHYUE5632T,7012977985,YESB0094418,8806306895099112
Amit Kumar,amitkumar109@gmail.com,ARNRF7427J,9360982511,SBIN7688759,7137378342915856
Neha Patel,nehapatel667@gmail.com,JNASX6766M,9034837497,ICIC0051423,6780323127237668
Kavita Reddy,kavitareddy458@gmail.com,VURGO0174F,8158848154,HDFC5688526,9814264928493620
Rohit Singh,rohitsingh656@gmail.com,ENNQV4304I,6574289755,ICIC2747547,8923024577293262
Arjun Gupta,arjungupta888@gmail.com,UZOMU6732F,7799198118,ICIC5760143,0751618996747023
Amit Mehra,amitmehra532@gmail.com,CVTWN7439T,6842934738,KOTAK8853198,6868793195776287
Anita Iyer,anitaiyer460@gmail.com,KEJVV7384P,8865144933,KOTAK6025153,0570587752806727
Anita Joshi,anitajoshi507@gmail.com,VQRFW8446C,9033252372,YESB7356148,3628337857154161
Arjun Sharma,arjunsharma568@gmail.com,UXMON8571E,7231119922,PNB1724856,6099969486718585
Anita Sharma,anitasharma260@gmail.com,YQOBT6623G,9536279924,AXIS2964458,7340307862368306
Rahul Joshi,rahuljoshi650@gmail.com,GRJCH3304O,9276010855,YESB9167130,0756630492449304
Suresh Verma,sureshverma333@gmail.com,FJIWF2106U,7682709043,YESB2553092,5762101682031386
Amit Joshi,amitjoshi881@gmail.com,OLMUD0908B,6372006740,ICIC7396502,1880353118649128
Anita Patel,anitapatel120@gmail.com,XAXHA8068J,7611288100,KOTAK7246164,9477680592112107
Amit Kumar,amitkumar608@gmail.com,CQROU6137G,9933235796,PNB0632965,2291680923080843
Pooja Reddy,poojareddy167@gmail.com,UUXCC8419H,6176620274,AXIS2708223,0433627877532772
Pooja Iyer,poojaiyer859@gmail.com,GKFWK7251Q,9910905188,ICIC0453609,2615191603293641
Kavita Mehra,kavitamehra17@gmail.com,MONFD3402U,7999812358,ICIC6470053,6400686700234890
Rohit Patel,rohitpatel525@gmail.com,QKCVS6018Y,9457736223,AXIS5851519,6406382943574962
Rahul Joshi,rahuljoshi271@gmail.com,ZWWPN3350R,8514472999,HDFC7991253,7747320459326688
Sneha Iyer,snehaiyer515@gmail.com,NGUBT1916D,6168070536,AXIS2091503,3311729269428050
Rahul Gupta,rahulgupta467@gmail.com,NFFVX4782P,6318404487,YESB7280551,7939183422744421
Arjun Mehra,arjunmehra644@gmail.com,TQIZI6238F,8774322085,YESB7451903,1435065223870784
Kavita Verma,kavitaverma979@gmail.com,LOWBC3251C,6654036317,PNB4716513,9478615401913960
Arjun Mehra,arjunmehra711@gmail.com,WAFLB9113Z,9377906960,PNB2525451,3818319331792246
Arjun Joshi,arjunjoshi173@gmail.com,RVHNT0815F,8750577597,YESB9537947,0831391775846302
Kavita Verma,kavitaverma627@gmail.com,UXYFL9601B,6023458693,KOTAK5713294,5051848523230884
Anita Verma,anitaverma149@gmail.com,KCOCQ4801Z,6993862826,ICIC4356513,9724226407545176
Kavita Verma,kavitaverma835@gmail.com,KCPJP1671K,9535090042,ICIC6625903,2302680270845032
Amit Mehra,amitmehra141@gmail.com,MVUAL3885I,6121087783,PNB9137929,5057222512356720
Kavita Reddy,kavitareddy138@gmail.com,RRXDU6516G,8583702713,HDFC7484730,3904283257735419
Pooja Patel,poojapatel228@gmail.com,XKJOA0715Y,7536079257,SBIN1213396,4813223605605774
Pooja Iyer,poojaiyer743@gmail.com,HLFJZ8709B,8339230897,YESB2838711,3717973135322720
Rahul Gupta,rahulgupta743@gmail.com,IDVHC1804S,7859861522,KOTAK6520317,2659536283191101
Rohit Gupta,rohitgupta284@gmail.com,OEHKA2803G,7443340315,IDFC4284127,0784637158948606
Sneha Joshi,snehajoshi769@gmail.com,JZNBR2702S,7619338644,ICIC4189599,4371100012168126
Sneha Kumar,snehakumar407@gmail.com,SJYCL2296U,6584962769,HDFC6867239,0045873003796254
Suresh Iyer,sureshiyer973@gmail.com,OBSNU5648N,6931919931,ICIC2912425,3809437561918575
Rohit Reddy,rohitreddy890@gmail.com,XOIQY0875Q,6249981161,YESB2054715,7320203592283498
Pooja Joshi,poojajoshi354@gmail.com,XZFLX0939Q,6220715154,YESB7571334,7427208269584559
Neha Mehra,nehamehra863@gmail.com,YLUDS7435A,7254637592,YESB6555772,9152800029316660
Anita Kumar,anitakumar732@gmail.com,RXZHI5815C,9086146703,SBIN2196749,0993808427505681
Arjun Mehra,arjunmehra69@gmail.com,EOTKM8492W,7117685793,IDFC3064263,4071814241053867
Sneha Patel,snehapatel888@gmail.com,ATQNF4899S,7619155193,HDFC4017896,8170286358186387
Kavita Sharma,kavitasharma524@gmail.com,OPAKI0586U,7107371451,PNB2987625,0097999353829571
Sneha Patel,snehapatel280@gmail.com,SAQYD0168N,6705606724,ICIC5794057,1008616364260419
Suresh Singh,sureshsingh583@gmail.com,WZDVK7235O,6558100260,HDFC5635526,7430610618321150
Sneha Reddy,snehareddy968@gmail.com,RCGQP9797Q,9985145948,AXIS2368144,1395841201999720
Pooja Iyer,poojaiyer267@gmail.com,TNYKU5125Q,6343095763,AXIS8162116,7154404293480524
Neha Iyer,nehaiyer632@gmail.com,KUMFZ6703I,8872635280,ICIC0607375,7976952829784224
Suresh Sharma,sureshsharma213@gmail.com,LAWHG1994E,7409717327,PNB8663727,1913853190917601
Pooja Mehra,poojamehra97@gmail.com,JVNVO6831E,9056722785,PNB8926728,5951498087559350
Suresh Kumar,sureshkumar427@gmail.com,NSHFA6544N,9203228774,AXIS5944065,0555878274872499
Rahul Mehra,rahulmehra123@gmail.com,NLQOT6613A,6881713478,SBIN1632906,6638420875000112
Suresh Mehra,sureshmehra278@gmail.com,RYVVX0642C,6153734222,ICIC8530880,0900511198769623
Arjun Iyer,arjuniyer924@gmail.com,OOPDR6727U,8292990937,AXIS1786817,4365518387222130
Neha Kumar,nehakumar322@gmail.com,VJEZU1887S,8879679507,PNB3132237,7889455154303596
Anita Kumar,anitakumar913@gmail.com,QVAWM8560X,8044166063,ICIC0452460,0379229871374613
Neha Kumar,nehakumar574@gmail.com,JKVAL5791U,7792809585,IDFC7549141,6840549980967664
Anita Patel,anitapatel167@gmail.com,NGJJZ7150L,8695284266,HDFC5487424,8474219516851042
Pooja Joshi,poojajoshi25@gmail.com,LFFIS0435R,9020172384,ICIC9059467,3307676943201439
Rohit Iyer,rohitiyer527@gmail.com,EFRUD6314S,9814536989,PNB5337941,7177543682115635
Rohit Patel,rohitpatel135@gmail.com,TJXVO3473O,8712160255,YESB4444769,0956719708276312
Rahul Patel,rahulpatel911@gmail.com,LUIEP3552O,9861230584,HDFC9244529,2165594524447979
Arjun Joshi,arjunjoshi271@gmail.com,JQTHZ6222Y,9875136142,IDFC5119215,0742365226454180
Sneha Iyer,snehaiyer521@gmail.com,EGSWF5986F,8251580790,HDFC1909161,9697948249998527
Anita Gupta,anitagupta82@gmail.com,WCTUR2493T,6737560011,ICIC9908077,8203660606010222
Pooja Patel,poojapatel883@gmail.com,NBIQE8832Q,9413488656,KOTAK5345895,5867016863933579
Amit Iyer,amitiyer630@gmail.com,EQWIH5632W,8237108320,HDFC5410893,9001624557025411
Kavita Reddy,kavitareddy908@gmail.com,WTYHB8905C,6540245105,ICIC8511247,4781847379504943
Suresh Reddy,sureshreddy542@gmail.com,SIBKZ4755O,8523202305,HDFC0135835,2531793563113053
Sneha Iyer,snehaiyer831@gmail.com,JRVWK9543M,8040337208,KOTAK4207041,6576316213308497
Anita Verma,anitaverma730@gmail.com,HUTHH4020X,6213080714,HDFC4797749,9764663336987936
Anita Reddy,anitareddy627@gmail.com,CXNQA8605S,8885894719,HDFC5048661,0208968581116194
Rohit Verma,rohitverma468@gmail.com,DDGHT6811S,8725305874,SBIN0304615,5543092919252028
Neha Sharma,nehasharma114@gmail.com,RVBYZ9742S,6301897233,PNB5933092,2669599799215719
Rahul Mehra,rahulmehra639@gmail.com,UEJWI4599Z,7874381968,KOTAK3641300,0406693435197624
Anita Gupta,anitagupta934@gmail.com,ONIHH1368A,6122621335,YESB0179369,0819671769376552
Sneha Kumar,snehakumar312@gmail.com,MNOHT3062D,8325374850,SBIN8803363,5962795440258612
Arjun Singh,arjunsingh440@gmail.com,ITSJY2551W,7516445056,KOTAK2104627,8395731965350189
Neha Kumar,nehakumar891@gmail.com,WTGGQ0512D,9196879667,YESB8119389,6731840937533386
Arjun Kumar,arjunkumar229@gmail.com,JOWCC4628W,6468418691,HDFC4236540,8222216557050669
Amit Patel,amitpatel857@gmail.com,VLSRB8255T,9866723063,KOTAK9198665,8987659042874883
Rohit Sharma,rohitsharma166@gmail.com,QXKUH8650F,8573795424,ICIC7449350,3549022637240529
Suresh Iyer,sureshiyer542@gmail.com,IUNAE6249F,7180598597,ICIC1273851,5076781571209128
Anita Mehra,anitamehra602@gmail.com,ZMQKI9909Y,6235107925,SBIN2802580,6855511948285929
Kavita Verma,kavitaverma426@gmail.com,NQDXG8517C,9067009465,PNB2713956,4582285890640349
Kavita Iyer,kavitaiyer555@gmail.com,MSAAB6224N,6566263888,IDFC1050307,9168389709572461
Anita Singh,anitasingh949@gmail.com,XADSL3876G,8763476896,YESB3766422,1866468080494232
Rohit Joshi,rohitjoshi249@gmail.com,YUMPE9658S,8701630522,AXIS0980013,8937611288863696
Amit Singh,amitsingh705@gmail.com,SXWNS3207L,6299031388,SBIN0197266,2273302951922740
Sneha Patel,snehapatel23@gmail.com,GGARV1011S,7638434431,AXIS0157183,2608263068243646
Neha Verma,nehaverma933@gmail.com,TFQMR8047Q,9090992958,HDFC6089641,3575365904112893
Neha Reddy,nehareddy724@gmail.com,ZRDIG6151L,8168239248,ICIC6078694,8206842496570250
Amit Reddy,amitreddy506@gmail.com,EOTIS5211K,6293506990,IDFC2734567,0535501845146233
Anita Verma,anitaverma508@gmail.com,PVTHN7450B,6299624110,KOTAK5636685,0127292772827635
Arjun Verma,arjunverma579@gmail.com,YGDJC7428Y,7810814574,YESB7498566,4640521851580015
Pooja Reddy,poojareddy336@gmail.com,GEXDA2266Z,6592797743,ICIC9920482,3118766937605931
Kavita Mehra,kavitamehra591@gmail.com,FMPOJ6962W,7344293356,AXIS0367902,6231644535162945
Amit Verma,amitverma318@gmail.com,MFDBS4892W,8392545731,IDFC7040357,8482347276263012
Suresh Joshi,sureshjoshi58@gmail.com,DJZVY7116R,8923394193,IDFC8300931,6728781437148741
Anita Verma,anitaverma85@gmail.com,TLOAL4874M,8008782697,IDFC5354878,5449154625361132
Amit Verma,amitverma457@gmail.com,RUJHD3041V,9813769664,PNB5388123,1643060440613028
Pooja Singh,poojasingh146@gmail.com,CCFEI3725S,7268503045,AXIS2910609,4337624067281977
Sneha Reddy,snehareddy77@gmail.com,XMSIK4554W,6389575533,PNB3154182,0163962713388451
Arjun Verma,arjunverma117@gmail.com,XRMSV6730R,8964340727,KOTAK2911461,3696565299082794
Anita Sharma,anitasharma325@gmail.com,AKNOE4814F,7310261267,SBIN9893940,9207142745441107
Anita Reddy,anitareddy508@gmail.com,UOOFD5020A,6229089601,AXIS9050835,1325526935028157
Neha Kumar,nehakumar83@gmail.com,WJTWG0236X,7961953106,KOTAK1943002,3527847565445357
Suresh Kumar,sureshkumar398@gmail.com,URMFK3596X,7887532363,AXIS4027050,2305034132214421
Anita Joshi,anitajoshi548@gmail.com,EBLDZ6782X,9014765214,HDFC5039875,1247000173453736
Rohit Joshi,rohitjoshi295@gmail.com,MDLGH3356X,9191668642,HDFC4869168,6825512837588784
Anita Joshi,anitajoshi435@gmail.com,MSZDZ1307V,7887664532,AXIS1995275,5051342478565876
Rahul Reddy,rahulreddy305@gmail.com,RVRBK8604W,7781677374,PNB4205441,5465670487205722
Kavita Mehra,kavitamehra121@gmail.com,SZKTO4611L,7676074390,AXIS8239044,2510503305574045
Rohit Verma,rohitverma926@gmail.com,UEQGG9769X,8579505292,PNB4835484,1339954180294441
Neha Reddy,nehareddy210@gmail.com,WBIQF2892O,6802036588,SBIN0859215,3693180796984952
Amit Iyer,amitiyer581@gmail.com,WJZJL6808U,7842832399,YESB8998158,3437547182913907
Kavita Reddy,kavitareddy46@gmail.com,FLFGT9642D,6804411894,KOTAK8729431,8422127523176052
Rohit Iyer,rohitiyer554@gmail.com,RWUNJ8245C,7742109420,PNB4782149,2104298540333848
Arjun Sharma,arjunsharma868@gmail.com,USCXU8731E,6038955490,PNB8315032,2696513093825721
Kavita Gupta,kavitagupta690@gmail.com,UESES6528P,7819237377,AXIS0921721,7099268696231868
Amit Singh,amitsingh451@gmail.com,TQTYR8364V,9391188425,YESB1345189,1140568291123686
Neha Reddy,nehareddy383@gmail.com,IHXAE9728Q,6227838590,IDFC3672384,2628490675487237
Pooja Mehra,poojamehra170@gmail.com,JSCCZ6654T,9153872718,HDFC2427755,9218947198275901
Arjun Joshi,arjunjoshi585@gmail.com,WAIJK5164X,7280836842,PNB9527114,1053616797442589
Pooja Patel,poojapatel43@gmail.com,WPFPH4525F,6230600816,SBIN1163685,3101172209941747
Anita Verma,anitaverma657@gmail.com,OPXQG5453X,9877228008,YESB2203899,0730359965297810
Neha Iyer,nehaiyer689@gmail.com,HULGB6026M,6729988263,YESB1642416,1558429425920826
Kavita Kumar,kavitakumar668@gmail.com,UHEBL5261B,7766213712,HDFC2772629,7926450925972598
Rahul Singh,rahulsingh765@gmail.com,LAQFJ1946U,9634502104,KOTAK3026554,8121817154479802
Anita Iyer,anitaiyer56@gmail.com,GXTNI7183A,8350020885,HDFC1811273,8923269607506894
Rohit Sharma,rohitsharma930@gmail.com,VHBYZ9302T,7096910532,IDFC4621139,5016551189494795
Neha Reddy,nehareddy737@gmail.com,VJOMV1026U,8802436087,KOTAK9700104,5661251603713759
Rohit Kumar,rohitkumar379@gmail.com,HEBRT4963O,7607613613,IDFC3434906,3449984288920976
Arjun Sharma,arjunsharma87@gmail.com,XEQUL1700Z,8395646976,SBIN0888551,2802495055426789
Rohit Sharma,rohitsharma515@gmail.com,LSJTI6600A,8603624384,AXIS6344974,8712139340297367
Amit Iyer,amitiyer607@gmail.com,WBBES6228Q,7856453448,IDFC5963859,1150767524560363
Neha Verma,nehaverma145@gmail.com,KQMNF8698K,9471865066,IDFC9230358,1657424821273680
Rohit Reddy,rohitreddy697@gmail.com,ZIAXP2174W,8560652776,ICIC6250143,8766517212011403
Amit Verma,amitverma921@gmail.com,SWQQR3317G,6829567482,PNB6113615,7897949055350271
Rahul Reddy,rahulreddy465@gmail.com,NKTRZ8524D,6751581263,HDFC9954511,3135017472912476
Kavita Verma,kavitaverma293@gmail.com,YZBUO0571L,7015214356,KOTAK7795993,7026629081759421
Neha Singh,nehasingh643@gmail.com,GENZJ0040C,9036943915,HDFC0747922,1788636676862430
Anita Singh,anitasingh322@gmail.com,LXVUZ0829Z,6181242575,ICIC8688591,5582965056284256
Arjun Gupta,arjungupta425@gmail.com,VPMVW0794U,8236668532,PNB4466582,3364583616073442
Amit Patel,amitpatel875@gmail.com,MVRKE7382F,7982426372,IDFC9656488,1304546477680928
Arjun Mehra,arjunmehra520@gmail.com,KKXSU7710V,6238840623,AXIS5878500,1218943328611524
Suresh Patel,sureshpatel602@gmail.com,ICIIW1673C,8660741715,YESB3847265,4804269631287367
Kavita Joshi,kavitajoshi829@gmail.com,YIYPX5213X,7180146371,PNB3880597,1768363647838553
Neha Kumar,nehakumar761@gmail.com,VKKUA7712V,9221886463,ICIC9935087,4969793395380052
Rohit Reddy,rohitreddy512@gmail.com,SWXFI0967R,7289469769,ICIC5935374,6049086525073370
Suresh Gupta,sureshgupta355@gmail.com,EIHUT7390P,6819226268,YESB2154008,5891149070414393
Suresh Sharma,sureshsharma459@gmail.com,HKXHM5002K,7339674414,YESB1522803,4605243364737912
Amit Gupta,amitgupta410@gmail.com,LIQJM2031O,8426696270,AXIS8640619,9420618244761395
Rohit Verma,rohitverma330@gmail.com,WZQWG1190H,7119118980,ICIC2837822,2765085267548503
Rahul Patel,rahulpatel531@gmail.com,VXDNN3468M,7327814466,KOTAK2001025,5970613242554563
Pooja Kumar,poojakumar386@gmail.com,BOZCW0728I,9788285665,PNB1842207,5113437797235520
Rohit Mehra,rohitmehra156@gmail.com,CIOIN7119R,6953961540,HDFC7312232,2913813563273796
Neha Sharma,nehasharma499@gmail.com,DTYXL2922C,8326454456,ICIC4059719,8707994227457577
Sneha Iyer,snehaiyer947@gmail.com,CTPPF5131D,6224262442,SBIN4329980,0838398638476740
Rohit Kumar,rohitkumar414@gmail.com,UAWPV1739X,7054604602,ICIC7220981,8972753528074515
Rohit Joshi,rohitjoshi614@gmail.com,OZIXN1766S,9052742096,KOTAK0551112,4653371894897796
Rahul Mehra,rahulmehra709@gmail.com,ZFFDQ1070P,8118486385,IDFC5411820,2840704152022151
Sneha Joshi,snehajoshi318@gmail.com,ECSOB7118S,9526826572,ICIC5146414,9822228696285419
Arjun Kumar,arjunkumar632@gmail.com,OTGZT2687V,8950989185,IDFC3722655,9587006629508363
Arjun Gupta,arjungupta65@gmail.com,MNQLV8076J,7547207110,ICIC8485603,0047226174858800
Rohit Verma,rohitverma651@gmail.com,IFUJJ2859P,6005588639,ICIC6649080,7028496552467573
Sneha Gupta,snehagupta809@gmail.com,SFUIE6453T,8151142260,YESB1853937,9828948216964309
Rahul Patel,rahulpatel481@gmail.com,JXHCX9484M,7507467684,PNB9035525,9517817937269868
Pooja Gupta,poojagupta218@gmail.com,GWNXL8979G,7297098979,YESB8378919,1336479602888336
Suresh Gupta,sureshgupta842@gmail.com,PPOHI2609V,7804964060,SBIN3391233,6958824150834709
Kavita Verma,kavitaverma256@gmail.com,ROMWG4542D,9188278615,AXIS1025177,5453063245298654
Rohit Gupta,rohitgupta101@gmail.com,WSVWJ9315R,7145503279,IDFC8522248,9606725125162872
Neha Singh,nehasingh621@gmail.com,BXNJT3469T,6298217013,HDFC1294525,1918417712838457
Rohit Gupta,rohitgupta296@gmail.com,BITXD3877M,8143507485,KOTAK9173914,6658001971006797
Pooja Mehra,poojamehra629@gmail.com,EAEBW0476U,9782580749,IDFC8995202,9184509899378096
Pooja Verma,poojaverma244@gmail.com,VNUYV7441A,9545086058,ICIC6912037,0627150808243944
Anita Kumar,anitakumar151@gmail.com,KWSXC9166C,6327126137,IDFC0277198,8457867807576232
Pooja Patel,poojapatel146@gmail.com,XFSUK1717M,8591828708,ICIC3842514,3642630681695124
Suresh Singh,sureshsingh354@gmail.com,ALWSL7452B,9122685325,HDFC6155215,7315915242441395
Anita Mehra,anitamehra602@gmail.com,ZFEXZ9237O,7928001712,ICIC8588086,9821279801902831
Anita Reddy,anitareddy393@gmail.com,JDMOH7607W,9148887117,PNB1831109,8868021185797309
Rohit Mehra,rohitmehra396@gmail.com,AFJIF5830P,8265209302,IDFC6475755,7801625372969148
Sneha Sharma,snehasharma769@gmail.com,CHWTV7394T,9347022156,ICIC9042691,9171506460878925
Arjun Mehra,arjunmehra55@gmail.com,VWBWK8419Q,6113575966,PNB5074090,9135748102424192
Kavita Verma,kavitaverma761@gmail.com,MBHPD9399V,6507587042,HDFC7792483,9175803118293835
Amit Patel,amitpatel785@gmail.com,THNPT2234L,8710949748,YESB9090017,3926588653126152
Pooja Patel,poojapatel11@gmail.com,DMMHZ0542T,7748899504,HDFC2720464,3592285845161101
Suresh Singh,sureshsingh130@gmail.com,ZTKQJ7993U,8590310527,ICIC9015799,8407727631544409
Sneha Singh,snehasingh313@gmail.com,OMZRA8602T,6727188499,KOTAK5330523,0583523915018721
Anita Iyer,anitaiyer119@gmail.com,PFIIK0090M,8543160847,IDFC6153044,3358012157020652
Kavita Patel,kavitapatel219@gmail.com,VEQJU3428D,8690482244,YESB3886931,2734669951268343
Arjun Sharma,arjunsharma470@gmail.com,DHHBN1897H,7340314927,YESB7865086,8506014394347577
Suresh Iyer,sureshiyer126@gmail.com,VAFEJ4605B,9186884352,ICIC1963666,8314340066446249
Neha Patel,nehapatel172@gmail.com,UYDND4885C,7207305031,YESB2781379,0942423907932542
Kavita Reddy,kavitareddy745@gmail.com,EERSD9674N,6179939280,AXIS7296448,3922584957512051
Rohit Kumar,rohitkumar471@gmail.com,SXQVQ6340E,6164631930,HDFC1586921,4098020140900659
Amit Iyer,amitiyer840@gmail.com,LLZQE4171Y,8546850558,PNB3459764,4866179251649729
Amit Kumar,amitkumar270@gmail.com,GMBMN1301D,6846204512,AXIS1214537,0424354814336240
Rohit Gupta,rohitgupta934@gmail.com,UTIFU6416W,6864127206,SBIN7943849,4993754292606419
Anita Mehra,anitamehra890@gmail.com,HHVYN6787A,7394553781,KOTAK8420614,7457910505644966
Sneha Verma,snehaverma599@gmail.com,QDIJZ3129W,9671015352,ICIC5839600,1059069385988189
Rohit Singh,rohitsingh717@gmail.com,WMBES7990Y,8852924524,KOTAK3913959,5238092850490369
Sneha Mehra,snehamehra714@gmail.com,GABGX3335Q,8958829392,SBIN3868087,3508934943193281
Rahul Joshi,rahuljoshi618@gmail.com,HSMPW5741Q,6088255577,IDFC4766296,8007106668173232
Sneha Verma,snehaverma399@gmail.com,IBHOS5122I,8157456434,YESB6954048,6679661867191824
Suresh Sharma,sureshsharma756@gmail.com,QQSVD9497A,7591743368,HDFC3959092,8022941901800105
Rohit Gupta,rohitgupta857@gmail.com,VXGKC0654E,6978446980,IDFC6457203,8285186127461031
Rahul Gupta,rahulgupta946@gmail.com,SFZKN2530F,8658368979,PNB7355898,4570541096605673
Sneha Mehra,snehamehra513@gmail.com,LNPQE4140W,7769456702,SBIN7533295,5604510045444164
Kavita Gupta,kavitagupta738@gmail.com,WRISH2697J,7165727844,HDFC5336832,8252282036772167
Neha Singh,nehasingh417@gmail.com,FTSEK1656X,8261439608,YESB5784267,6673771398487993
Rahul Reddy,rahulreddy189@gmail.com,JRTEI7710W,9767272227,HDFC1707514,7009019229313802
Arjun Gupta,arjungupta295@gmail.com,JAJWK2544A,9890920660,HDFC2476015,0258419772410611
Kavita Iyer,kavitaiyer307@gmail.com,RGAQX0010Y,8302157568,ICIC3198506,2025806831350905
Arjun Verma,arjunverma872@gmail.com,UKIYU8068S,7237144584,SBIN6184120,3584558726247696
Pooja Verma,poojaverma240@gmail.com,PHNZI3938G,9237068530,AXIS2736323,7904280305815207
Rohit Kumar,rohitkumar614@gmail.com,CRWIX8459G,9589451006,ICIC4481297,5730672973367061
Rahul Sharma,rahulsharma739@gmail.com,ODEXO9706Y,9271761945,HDFC1751081,7588502661093343
Anita Sharma,anitasharma712@gmail.com,SRXCD1439K,6496688870,PNB1417917,3629325797576749
Sneha Verma,snehaverma904@gmail.com,LUINM6962R,9773596742,PNB7250185,5336273367478417
Sneha Sharma,snehasharma728@gmail.com,XGZGR3356V,6402279630,ICIC6597139,8149512926231502
Neha Iyer,nehaiyer686@gmail.com,GYXYW3660Q,6239758839,KOTAK9937437,1241494001249383
Sneha Joshi,snehajoshi101@gmail.com,AAEQI7164M,6339143506,SBIN5742143,4223355401266337
Neha Joshi,nehajoshi299@gmail.com,SAPHZ5857N,7012964086,IDFC9235863,5736070051843391
Pooja Singh,poojasingh938@gmail.com,MCMSI6097E,9555329632,ICIC5695448,4825149991323924
Amit Kumar,amitkumar789@gmail.com,XBFWZ9503B,7939209994,KOTAK0689197,2667277372267124
Pooja Patel,poojapatel204@gmail.com,PAAGC4444M,9660776905,ICIC9512790,6496510122345469
Kavita Singh,kavitasingh97@gmail.com,LZWGK8269G,6819695137,SBIN5626344,1500292255741624
Anita Kumar,anitakumar710@gmail.com,GUAZO7218F,6783573380,YESB7047252,7690026855201882
Neha Patel,nehapatel716@gmail.com,YMZDX4680U,6342736020,KOTAK7742631,1188114142474938
Suresh Iyer,sureshiyer73@gmail.com,ZKTEP3457J,9827306690,KOTAK1944252,5051537072043253
Rohit Patel,rohitpatel347@gmail.com,GFFYZ6855O,8076814660,KOTAK8719039,5132020937128879
Kavita Gupta,kavitagupta392@gmail.com,JCWNV9736X,8772054396,HDFC4053954,4777048757757424
Pooja Sharma,poojasharma301@gmail.com,LGAFH3108N,9195981488,SBIN5166767,8714808943458951
Pooja Patel,poojapatel876@gmail.com,RDYKC8139L,6702009596,AXIS7214677,5898803565033329
